[{"id": 0, "label_id": "Strawberry", "bbox": [359, 687, 56, 68]}, {"id": 1, "label_id": "Pear", "bbox": [870, 231, 211, 287]}, {"id": 2, "label_id": "Strawberry", "bbox": [1154, 182, 48, 58]}, {"id": 3, "label_id": "Strawberry", "bbox": [668, 850, 54, 78]}, {"id": 4, "label_id": "Strawberry", "bbox": [727, 832, 48, 59]}, {"id": 5, "label_id": "Strawberry", "bbox": [205, 646, 39, 46]}, {"id": 6, "label_id": "Pear", "bbox": [1244, 154, 312, 384]}, {"id": 7, "label_id": "Strawberry", "bbox": [572, 878, 54, 64]}, {"id": 8, "label_id": "Pear", "bbox": [1363, 594, 193, 262]}]