[{"id": 0, "label_id": "Strawberry", "bbox": [361, 639, 52, 71]}, {"id": 1, "label_id": "Strawberry", "bbox": [1135, 272, 1, 2]}, {"id": 2, "label_id": "Strawberry", "bbox": [1488, 745, 70, 96]}, {"id": 3, "label_id": "Strawberry", "bbox": [898, 518, 4, 6]}, {"id": 4, "label_id": "Strawberry", "bbox": [1143, 643, 41, 49]}, {"id": 5, "label_id": "Strawberry", "bbox": [633, 262, 50, 61]}, {"id": 6, "label_id": "Strawberry", "bbox": [469, 840, 26, 35]}, {"id": 7, "label_id": "Strawberry", "bbox": [1524, 403, 26, 35]}, {"id": 8, "label_id": "Strawberry", "bbox": [1046, 237, 62, 86]}, {"id": 9, "label_id": "Strawberry", "bbox": [1114, 718, 19, 22]}, {"id": 10, "label_id": "Strawberry", "bbox": [1036, 832, 74, 104]}, {"id": 11, "label_id": "Strawberry", "bbox": [702, 682, 19, 24]}, {"id": 12, "label_id": "Apple", "bbox": [633, 468, 216, 214]}, {"id": 13, "label_id": "Pear", "bbox": [337, 238, 138, 187]}]