[{"id": 0, "label_id": "Strawberry", "bbox": [214, 760, 23, 27]}, {"id": 1, "label_id": "Strawberry", "bbox": [693, 167, 63, 91]}, {"id": 2, "label_id": "Strawberry", "bbox": [315, 265, 37, 45]}, {"id": 3, "label_id": "Strawberry", "bbox": [488, 103, 82, 120]}, {"id": 4, "label_id": "Strawberry", "bbox": [880, 693, 23, 26]}, {"id": 5, "label_id": "Strawberry", "bbox": [648, 933, 66, 88]}, {"id": 6, "label_id": "Apple", "bbox": [1063, 480, 536, 358]}, {"id": 7, "label_id": "Strawberry", "bbox": [1412, 125, 55, 75]}, {"id": 8, "label_id": "Strawberry", "bbox": [866, 328, 68, 78]}, {"id": 9, "label_id": "Strawberry", "bbox": [387, 724, 10, 12]}]