[{"id": 0, "label_id": "Strawberry", "bbox": [840, 590, 89, 112]}, {"id": 1, "label_id": "Strawberry", "bbox": [1453, 285, 36, 28]}, {"id": 2, "label_id": "Strawberry", "bbox": [776, 371, 51, 59]}, {"id": 3, "label_id": "Strawberry", "bbox": [748, 346, 22, 22]}, {"id": 4, "label_id": "Strawberry", "bbox": [353, 201, 9, 13]}, {"id": 5, "label_id": "Strawberry", "bbox": [664, 343, 36, 16]}, {"id": 6, "label_id": "Strawberry", "bbox": [1600, 924, 19, 29]}, {"id": 7, "label_id": "Apple", "bbox": [1172, 575, 272, 321]}, {"id": 8, "label_id": "Strawberry", "bbox": [355, 549, 58, 85]}, {"id": 9, "label_id": "Strawberry", "bbox": [1216, 147, 7, 3]}, {"id": 10, "label_id": "Strawberry", "bbox": [403, 493, 21, 26]}, {"id": 11, "label_id": "Strawberry", "bbox": [179, 855, 29, 35]}]