[{"id": 0, "label_id": "Strawberry", "bbox": [1598, 472, 31, 44]}, {"id": 1, "label_id": "Strawberry", "bbox": [724, 604, 55, 74]}, {"id": 2, "label_id": "Strawberry", "bbox": [192, 202, 48, 70]}, {"id": 3, "label_id": "Strawberry", "bbox": [292, 285, 85, 114]}, {"id": 4, "label_id": "Strawberry", "bbox": [935, 771, 61, 74]}, {"id": 5, "label_id": "Pear", "bbox": [1195, 426, 101, 210]}, {"id": 6, "label_id": "Strawberry", "bbox": [247, 441, 46, 65]}, {"id": 8, "label_id": "Strawberry", "bbox": [806, 457, 31, 14]}, {"id": 9, "label_id": "Strawberry", "bbox": [1065, 282, 12, 18]}, {"id": 10, "label_id": "Strawberry", "bbox": [986, 506, 61, 89]}, {"id": 11, "label_id": "Strawberry", "bbox": [1580, 990, 20, 9]}, {"id": 12, "label_id": "Strawberry", "bbox": [1424, 964, 2, 5]}, {"id": 13, "label_id": "Pear", "bbox": [1015, 674, 223, 275]}, {"id": 14, "label_id": "Apple", "bbox": [178, 691, 318, 212]}]