[{"id": 0, "label_id": "Strawberry", "bbox": [288, 819, 11, 14]}, {"id": 1, "label_id": "Strawberry", "bbox": [1029, 63, 40, 47]}, {"id": 2, "label_id": "Strawberry", "bbox": [652, 352, 38, 43]}, {"id": 3, "label_id": "Strawberry", "bbox": [175, 558, 49, 66]}, {"id": 4, "label_id": "Strawberry", "bbox": [256, 867, 48, 37]}, {"id": 5, "label_id": "Strawberry", "bbox": [475, 803, 37, 44]}, {"id": 6, "label_id": "Strawberry", "bbox": [556, 790, 37, 51]}, {"id": 7, "label_id": "Strawberry", "bbox": [524, 307, 37, 42]}, {"id": 8, "label_id": "Strawberry", "bbox": [1184, 937, 63, 79]}, {"id": 9, "label_id": "Strawberry", "bbox": [520, 887, 55, 74]}, {"id": 10, "label_id": "Strawberry", "bbox": [611, 456, 56, 73]}, {"id": 11, "label_id": "Apple", "bbox": [750, 284, 396, 469]}, {"id": 12, "label_id": "Pear", "bbox": [307, 28, 186, 253]}]