[{"id": 0, "label_id": "Strawberry", "bbox": [747, 68, 57, 79]}, {"id": 1, "label_id": "Strawberry", "bbox": [1104, 219, 22, 32]}, {"id": 2, "label_id": "Strawberry", "bbox": [1220, 125, 131, 159]}, {"id": 3, "label_id": "Strawberry", "bbox": [1465, 175, 97, 122]}, {"id": 4, "label_id": "Strawberry", "bbox": [1369, 221, 26, 32]}, {"id": 5, "label_id": "Strawberry", "bbox": [1482, 539, 2, 3]}, {"id": 6, "label_id": "Pear", "bbox": [1164, 598, 101, 210]}, {"id": 7, "label_id": "Strawberry", "bbox": [1108, 781, 45, 35]}, {"id": 8, "label_id": "Strawberry", "bbox": [1506, 700, 87, 127]}, {"id": 9, "label_id": "Strawberry", "bbox": [631, 260, 69, 87]}]