[{"id": 0, "label_id": "Strawberry", "bbox": [914, 498, 64, 87]}, {"id": 1, "label_id": "Strawberry", "bbox": [679, 270, 25, 21]}, {"id": 2, "label_id": "Strawberry", "bbox": [485, 795, 22, 26]}, {"id": 3, "label_id": "Strawberry", "bbox": [1232, 543, 45, 58]}, {"id": 4, "label_id": "Strawberry", "bbox": [743, 374, 74, 104]}, {"id": 5, "label_id": "Strawberry", "bbox": [1369, 854, 58, 78]}, {"id": 6, "label_id": "Strawberry", "bbox": [567, 574, 31, 37]}, {"id": 7, "label_id": "Strawberry", "bbox": [1426, 27, 17, 21]}, {"id": 8, "label_id": "Strawberry", "bbox": [838, 1023, 30, 13]}, {"id": 9, "label_id": "Strawberry", "bbox": [648, 127, 15, 12]}, {"id": 10, "label_id": "Pear", "bbox": [1470, 172, 143, 298]}, {"id": 11, "label_id": "Strawberry", "bbox": [967, 1000, 29, 36]}, {"id": 12, "label_id": "Strawberry", "bbox": [394, 209, 20, 26]}, {"id": 14, "label_id": "Strawberry", "bbox": [1226, 191, 74, 95]}, {"id": 15, "label_id": "Strawberry", "bbox": [297, 639, 37, 50]}, {"id": 16, "label_id": "Strawberry", "bbox": [1349, 565, 30, 35]}, {"id": 17, "label_id": "Strawberry", "bbox": [211, 390, 109, 147]}, {"id": 18, "label_id": "Strawberry", "bbox": [1312, 422, 21, 17]}, {"id": 19, "label_id": "Strawberry", "bbox": [1193, 73, 11, 16]}]