[{"id": 0, "label_id": "Strawberry", "bbox": [490, 747, 78, 94]}, {"id": 1, "label_id": "Strawberry", "bbox": [1312, 817, 56, 74]}, {"id": 2, "label_id": "Strawberry", "bbox": [609, 587, 21, 21]}, {"id": 3, "label_id": "Strawberry", "bbox": [402, 645, 54, 72]}, {"id": 4, "label_id": "Strawberry", "bbox": [1379, 746, 27, 34]}, {"id": 5, "label_id": "Strawberry", "bbox": [767, 763, 20, 27]}, {"id": 6, "label_id": "Strawberry", "bbox": [1311, 257, 92, 134]}, {"id": 7, "label_id": "Strawberry", "bbox": [1168, 593, 7, 3]}, {"id": 8, "label_id": "Strawberry", "bbox": [1465, 247, 55, 71]}, {"id": 9, "label_id": "Strawberry", "bbox": [1438, 375, 45, 53]}, {"id": 10, "label_id": "Strawberry", "bbox": [251, 733, 53, 70]}, {"id": 11, "label_id": "Strawberry", "bbox": [982, 437, 68, 86]}, {"id": 12, "label_id": "Strawberry", "bbox": [781, 582, 42, 48]}, {"id": 13, "label_id": "Strawberry", "bbox": [477, 604, 22, 26]}, {"id": 14, "label_id": "Pear", "bbox": [797, 636, 105, 144]}, {"id": 15, "label_id": "Apple", "bbox": [553, 394, 150, 120]}, {"id": 16, "label_id": "Strawberry", "bbox": [703, 413, 115, 144]}]