[{"id": 0, "label_id": "Strawberry", "bbox": [361, 651, 88, 112]}, {"id": 1, "label_id": "Strawberry", "bbox": [594, 75, 1, 1]}, {"id": 2, "label_id": "Strawberry", "bbox": [419, 419, 100, 122]}, {"id": 3, "label_id": "Apple", "bbox": [889, 425, 636, 599]}, {"id": 5, "label_id": "Apple", "bbox": [545, 445, 117, 117]}, {"id": 6, "label_id": "Strawberry", "bbox": [602, 60, 50, 61]}, {"id": 7, "label_id": "Strawberry", "bbox": [1381, 396, 2, 4]}, {"id": 8, "label_id": "Strawberry", "bbox": [583, 220, 17, 21]}, {"id": 10, "label_id": "Strawberry", "bbox": [342, 492, 12, 17]}, {"id": 11, "label_id": "Strawberry", "bbox": [607, 232, 29, 34]}, {"id": 12, "label_id": "Strawberry", "bbox": [744, 144, 27, 30]}, {"id": 13, "label_id": "Strawberry", "bbox": [651, 228, 10, 11]}, {"id": 14, "label_id": "Strawberry", "bbox": [354, 90, 24, 31]}, {"id": 15, "label_id": "Strawberry", "bbox": [216, 852, 69, 84]}, {"id": 16, "label_id": "Strawberry", "bbox": [403, 862, 34, 45]}]