[{"id": 0, "label_id": "Strawberry", "bbox": [699, 331, 40, 45]}, {"id": 1, "label_id": "Apple", "bbox": [812, 801, 188, 188]}, {"id": 2, "label_id": "Strawberry", "bbox": [512, 565, 31, 36]}, {"id": 3, "label_id": "Strawberry", "bbox": [552, 392, 11, 17]}, {"id": 4, "label_id": "Strawberry", "bbox": [1573, 290, 68, 93]}, {"id": 5, "label_id": "Strawberry", "bbox": [1444, 292, 66, 90]}, {"id": 6, "label_id": "Strawberry", "bbox": [818, 592, 92, 124]}, {"id": 7, "label_id": "Strawberry", "bbox": [1351, 363, 73, 89]}, {"id": 8, "label_id": "Strawberry", "bbox": [563, 87, 39, 54]}, {"id": 9, "label_id": "Strawberry", "bbox": [279, 347, 69, 83]}, {"id": 10, "label_id": "Strawberry", "bbox": [1173, 544, 46, 54]}, {"id": 11, "label_id": "Strawberry", "bbox": [242, 721, 11, 10]}, {"id": 12, "label_id": "Apple", "bbox": [426, 867, 163, 163]}]