[{"id": 0, "label_id": "Strawberry", "bbox": [1518, 282, 50, 65]}, {"id": 1, "label_id": "Pear", "bbox": [479, 314, 203, 276]}, {"id": 2, "label_id": "Strawberry", "bbox": [1362, 902, 17, 21]}, {"id": 3, "label_id": "Apple", "bbox": [590, 164, 107, 86]}, {"id": 4, "label_id": "Strawberry", "bbox": [797, 396, 3, 5]}, {"id": 5, "label_id": "Strawberry", "bbox": [1091, 193, 73, 93]}, {"id": 6, "label_id": "Strawberry", "bbox": [693, 411, 80, 108]}, {"id": 7, "label_id": "Apple", "bbox": [459, 650, 154, 154]}, {"id": 8, "label_id": "Pear", "bbox": [1291, 368, 357, 440]}, {"id": 9, "label_id": "Strawberry", "bbox": [660, 696, 13, 19]}, {"id": 10, "label_id": "Strawberry", "bbox": [1156, 418, 70, 88]}, {"id": 12, "label_id": "Strawberry", "bbox": [1234, 950, 2, 3]}, {"id": 13, "label_id": "Strawberry", "bbox": [746, 104, 53, 73]}, {"id": 14, "label_id": "Strawberry", "bbox": [908, 488, 39, 44]}, {"id": 15, "label_id": "Strawberry", "bbox": [1055, 773, 82, 108]}, {"id": 16, "label_id": "Strawberry", "bbox": [1375, 872, 11, 17]}, {"id": 17, "label_id": "Strawberry", "bbox": [1519, 111, 66, 85]}, {"id": 18, "label_id": "Strawberry", "bbox": [1601, 914, 3, 6]}, {"id": 19, "label_id": "Strawberry", "bbox": [860, 555, 62, 82]}]