[{"id": 0, "label_id": "Strawberry", "bbox": [1232, 709, 33, 41]}, {"id": 1, "label_id": "Strawberry", "bbox": [477, 606, 96, 121]}, {"id": 2, "label_id": "Pear", "bbox": [186, 140, 268, 330]}, {"id": 3, "label_id": "Strawberry", "bbox": [1094, 319, 6, 9]}, {"id": 4, "label_id": "Strawberry", "bbox": [1267, 539, 55, 69]}, {"id": 5, "label_id": "Strawberry", "bbox": [1145, 388, 43, 33]}, {"id": 6, "label_id": "Strawberry", "bbox": [1240, 776, 33, 33]}, {"id": 7, "label_id": "Strawberry", "bbox": [1003, 797, 45, 35]}, {"id": 8, "label_id": "Strawberry", "bbox": [1319, 405, 61, 83]}]