[{"id": 0, "label_id": "Strawberry", "bbox": [201, 144, 1, 1]}, {"id": 1, "label_id": "Strawberry", "bbox": [1385, 23, 93, 130]}, {"id": 2, "label_id": "Strawberry", "bbox": [350, 390, 3, 6]}, {"id": 3, "label_id": "Strawberry", "bbox": [1031, 749, 23, 33]}, {"id": 4, "label_id": "Strawberry", "bbox": [1513, 49, 32, 38]}, {"id": 5, "label_id": "Strawberry", "bbox": [698, 716, 18, 15]}, {"id": 6, "label_id": "Strawberry", "bbox": [401, 368, 35, 41]}, {"id": 7, "label_id": "Strawberry", "bbox": [482, 808, 13, 13]}, {"id": 8, "label_id": "Strawberry", "bbox": [974, 56, 73, 88]}, {"id": 9, "label_id": "Strawberry", "bbox": [955, 261, 88, 124]}, {"id": 10, "label_id": "Strawberry", "bbox": [572, 112, 32, 38]}, {"id": 11, "label_id": "Strawberry", "bbox": [615, 639, 83, 116]}, {"id": 12, "label_id": "Apple", "bbox": [1083, 266, 184, 183]}, {"id": 13, "label_id": "Strawberry", "bbox": [392, 896, 2, 3]}, {"id": 14, "label_id": "Strawberry", "bbox": [759, 901, 34, 26]}]