[{"id": 0, "label_id": "Strawberry", "bbox": [1563, 99, 1, 2]}, {"id": 1, "label_id": "Strawberry", "bbox": [1303, 82, 87, 128]}, {"id": 2, "label_id": "Strawberry", "bbox": [1462, 182, 44, 65]}, {"id": 3, "label_id": "Strawberry", "bbox": [1630, 568, 7, 10]}, {"id": 4, "label_id": "Pear", "bbox": [844, 160, 270, 332]}, {"id": 5, "label_id": "Strawberry", "bbox": [621, 383, 10, 13]}, {"id": 6, "label_id": "Strawberry", "bbox": [499, 56, 7, 11]}, {"id": 7, "label_id": "Apple", "bbox": [569, 546, 422, 282]}, {"id": 8, "label_id": "Strawberry", "bbox": [1015, 815, 64, 89]}, {"id": 9, "label_id": "Strawberry", "bbox": [1432, 962, 37, 44]}, {"id": 10, "label_id": "Strawberry", "bbox": [1099, 123, 16, 15]}, {"id": 11, "label_id": "Strawberry", "bbox": [1112, 627, 70, 85]}, {"id": 12, "label_id": "Strawberry", "bbox": [713, 258, 28, 36]}, {"id": 13, "label_id": "Strawberry", "bbox": [1210, 691, 41, 54]}, {"id": 14, "label_id": "Strawberry", "bbox": [1483, 557, 125, 169]}, {"id": 15, "label_id": "Strawberry", "bbox": [1608, 987, 19, 23]}, {"id": 16, "label_id": "Strawberry", "bbox": [1529, 53, 32, 45]}, {"id": 17, "label_id": "Strawberry", "bbox": [1272, 479, 4, 7]}, {"id": 18, "label_id": "Strawberry", "bbox": [504, 747, 59, 78]}]