[{"id": 0, "label_id": "Strawberry", "bbox": [586, 352, 88, 107]}, {"id": 1, "label_id": "Pear", "bbox": [745, 96, 144, 196]}, {"id": 2, "label_id": "Strawberry", "bbox": [493, 909, 31, 38]}, {"id": 3, "label_id": "Pear", "bbox": [1022, 699, 163, 222]}, {"id": 4, "label_id": "Strawberry", "bbox": [222, 114, 53, 64]}, {"id": 5, "label_id": "Strawberry", "bbox": [280, 676, 25, 38]}, {"id": 6, "label_id": "Strawberry", "bbox": [297, 732, 105, 147]}, {"id": 7, "label_id": "Apple", "bbox": [1090, 196, 385, 457]}, {"id": 8, "label_id": "Strawberry", "bbox": [722, 775, 44, 52]}, {"id": 9, "label_id": "Strawberry", "bbox": [945, 343, 111, 162]}, {"id": 11, "label_id": "Strawberry", "bbox": [566, 552, 95, 133]}, {"id": 12, "label_id": "Strawberry", "bbox": [426, 553, 4, 7]}, {"id": 13, "label_id": "Strawberry", "bbox": [615, 950, 72, 88]}, {"id": 15, "label_id": "Strawberry", "bbox": [429, 104, 59, 77]}, {"id": 16, "label_id": "Strawberry", "bbox": [380, 10, 93, 84]}, {"id": 17, "label_id": "Strawberry", "bbox": [355, 78, 1, 2]}]