[{"id": 0, "label_id": "Strawberry", "bbox": [494, 270, 11, 16]}, {"id": 1, "label_id": "Strawberry", "bbox": [673, 982, 53, 60]}, {"id": 2, "label_id": "Strawberry", "bbox": [251, 570, 5, 8]}, {"id": 3, "label_id": "Apple", "bbox": [995, 795, 84, 67]}, {"id": 4, "label_id": "Strawberry", "bbox": [262, 137, 33, 50]}, {"id": 5, "label_id": "Strawberry", "bbox": [1359, 617, 33, 46]}, {"id": 6, "label_id": "Strawberry", "bbox": [443, 285, 50, 67]}, {"id": 7, "label_id": "Strawberry", "bbox": [1617, 764, 2, 3]}, {"id": 8, "label_id": "Strawberry", "bbox": [1242, 684, 24, 34]}, {"id": 9, "label_id": "Strawberry", "bbox": [1438, 834, 47, 66]}, {"id": 10, "label_id": "Strawberry", "bbox": [318, 841, 21, 21]}, {"id": 11, "label_id": "Strawberry", "bbox": [495, 821, 11, 10]}, {"id": 12, "label_id": "Strawberry", "bbox": [1593, 944, 36, 28]}, {"id": 13, "label_id": "Strawberry", "bbox": [571, 131, 62, 91]}, {"id": 14, "label_id": "Apple", "bbox": [869, 137, 384, 396]}, {"id": 15, "label_id": "Strawberry", "bbox": [517, 669, 12, 15]}, {"id": 16, "label_id": "Strawberry", "bbox": [1452, 217, 47, 59]}, {"id": 17, "label_id": "Strawberry", "bbox": [361, 273, 41, 50]}, {"id": 18, "label_id": "Pear", "bbox": [291, 437, 115, 240]}, {"id": 19, "label_id": "Strawberry", "bbox": [733, 865, 54, 72]}]