[{"id": 0, "label_id": "Pear", "bbox": [1381, 446, 75, 156]}, {"id": 1, "label_id": "Pear", "bbox": [852, 739, 101, 211]}, {"id": 2, "label_id": "Pear", "bbox": [201, 571, 240, 296]}, {"id": 3, "label_id": "Strawberry", "bbox": [510, 151, 78, 103]}, {"id": 4, "label_id": "Pear", "bbox": [613, 156, 346, 426]}, {"id": 5, "label_id": "Strawberry", "bbox": [1115, 679, 41, 48]}, {"id": 6, "label_id": "Strawberry", "bbox": [692, 875, 65, 59]}, {"id": 8, "label_id": "Strawberry", "bbox": [1076, 206, 23, 21]}, {"id": 10, "label_id": "Strawberry", "bbox": [529, 573, 25, 30]}, {"id": 11, "label_id": "Strawberry", "bbox": [540, 468, 72, 100]}, {"id": 12, "label_id": "Strawberry", "bbox": [530, 855, 27, 22]}, {"id": 13, "label_id": "Strawberry", "bbox": [920, 721, 3, 5]}, {"id": 14, "label_id": "Strawberry", "bbox": [1111, 254, 47, 63]}]