[{"id": 0, "label_id": "Strawberry", "bbox": [1040, 894, 68, 90]}, {"id": 1, "label_id": "Strawberry", "bbox": [1320, 198, 41, 18]}, {"id": 2, "label_id": "Apple", "bbox": [1449, 882, 115, 114]}, {"id": 3, "label_id": "Strawberry", "bbox": [1566, 525, 40, 54]}, {"id": 4, "label_id": "Strawberry", "bbox": [416, 702, 74, 95]}, {"id": 5, "label_id": "Strawberry", "bbox": [877, 619, 67, 89]}, {"id": 6, "label_id": "Strawberry", "bbox": [666, 667, 28, 27]}, {"id": 7, "label_id": "Strawberry", "bbox": [1177, 202, 67, 81]}, {"id": 8, "label_id": "Strawberry", "bbox": [1429, 602, 24, 28]}]