[{"id": 0, "label_id": "Strawberry", "bbox": [918, 963, 30, 13]}, {"id": 1, "label_id": "Apple", "bbox": [1087, 25, 436, 290]}, {"id": 2, "label_id": "Strawberry", "bbox": [975, 589, 46, 60]}, {"id": 3, "label_id": "Strawberry", "bbox": [1138, 454, 39, 46]}, {"id": 4, "label_id": "Strawberry", "bbox": [1587, 899, 62, 85]}, {"id": 5, "label_id": "Strawberry", "bbox": [1181, 633, 11, 11]}, {"id": 6, "label_id": "Strawberry", "bbox": [764, 814, 27, 31]}, {"id": 7, "label_id": "Strawberry", "bbox": [853, 991, 9, 11]}, {"id": 8, "label_id": "Strawberry", "bbox": [426, 22, 53, 62]}, {"id": 9, "label_id": "Strawberry", "bbox": [246, 593, 65, 78]}, {"id": 10, "label_id": "Apple", "bbox": [529, 510, 322, 215]}, {"id": 11, "label_id": "Apple", "bbox": [524, 35, 365, 376]}, {"id": 12, "label_id": "Strawberry", "bbox": [1037, 915, 66, 92]}, {"id": 13, "label_id": "Strawberry", "bbox": [227, 817, 23, 28]}, {"id": 14, "label_id": "Strawberry", "bbox": [932, 309, 8, 12]}, {"id": 15, "label_id": "Strawberry", "bbox": [1407, 867, 72, 88]}, {"id": 16, "label_id": "Pear", "bbox": [248, 225, 220, 271]}, {"id": 17, "label_id": "Pear", "bbox": [1244, 719, 143, 298]}]