[{"id": 0, "label_id": "Strawberry", "bbox": [992, 116, 26, 33]}, {"id": 1, "label_id": "Strawberry", "bbox": [1030, 315, 25, 11]}, {"id": 2, "label_id": "Strawberry", "bbox": [1477, 299, 95, 133]}, {"id": 3, "label_id": "Strawberry", "bbox": [461, 875, 97, 142]}, {"id": 4, "label_id": "Strawberry", "bbox": [474, 625, 41, 18]}, {"id": 5, "label_id": "Strawberry", "bbox": [1355, 747, 21, 9]}, {"id": 6, "label_id": "Strawberry", "bbox": [1432, 904, 18, 17]}, {"id": 7, "label_id": "Strawberry", "bbox": [312, 477, 94, 131]}, {"id": 8, "label_id": "Strawberry", "bbox": [1399, 415, 35, 47]}, {"id": 9, "label_id": "Pear", "bbox": [558, 506, 109, 227]}, {"id": 10, "label_id": "Strawberry", "bbox": [503, 700, 48, 38]}]