[{"id": 0, "label_id": "Strawberry", "bbox": [1107, 33, 68, 82]}, {"id": 1, "label_id": "Strawberry", "bbox": [1581, 538, 21, 17]}, {"id": 2, "label_id": "Strawberry", "bbox": [871, 883, 24, 27]}, {"id": 3, "label_id": "Strawberry", "bbox": [197, 310, 36, 40]}, {"id": 4, "label_id": "Strawberry", "bbox": [565, 24, 8, 12]}, {"id": 5, "label_id": "Apple", "bbox": [395, 90, 409, 272]}, {"id": 6, "label_id": "Strawberry", "bbox": [673, 621, 67, 81]}, {"id": 7, "label_id": "Apple", "bbox": [921, 329, 99, 99]}, {"id": 8, "label_id": "Strawberry", "bbox": [1392, 983, 27, 27]}, {"id": 9, "label_id": "Pear", "bbox": [1223, 275, 353, 435]}, {"id": 10, "label_id": "Strawberry", "bbox": [236, 228, 93, 113]}, {"id": 11, "label_id": "Strawberry", "bbox": [664, 532, 61, 81]}, {"id": 12, "label_id": "Strawberry", "bbox": [844, 749, 60, 88]}, {"id": 13, "label_id": "Strawberry", "bbox": [1007, 630, 8, 8]}, {"id": 14, "label_id": "Strawberry", "bbox": [1137, 220, 6, 2]}, {"id": 15, "label_id": "Strawberry", "bbox": [1161, 168, 24, 32]}]