[{"id": 0, "label_id": "Strawberry", "bbox": [1118, 285, 77, 96]}, {"id": 1, "label_id": "Apple", "bbox": [1473, 450, 128, 126]}, {"id": 2, "label_id": "Strawberry", "bbox": [576, 544, 50, 39]}, {"id": 3, "label_id": "Strawberry", "bbox": [1345, 182, 32, 37]}, {"id": 4, "label_id": "Pear", "bbox": [735, 619, 143, 299]}, {"id": 5, "label_id": "Strawberry", "bbox": [187, 591, 39, 48]}, {"id": 6, "label_id": "Pear", "bbox": [499, 642, 175, 238]}, {"id": 7, "label_id": "Pear", "bbox": [304, 109, 105, 219]}, {"id": 8, "label_id": "Strawberry", "bbox": [1264, 252, 39, 60]}, {"id": 9, "label_id": "Apple", "bbox": [722, 174, 278, 330]}]