[{"id": 0, "label_id": "Strawberry", "bbox": [1579, 1029, 10, 9]}, {"id": 1, "label_id": "Strawberry", "bbox": [1243, 207, 83, 113]}, {"id": 2, "label_id": "Pear", "bbox": [243, 398, 213, 290]}, {"id": 3, "label_id": "Strawberry", "bbox": [1444, 659, 101, 142]}, {"id": 4, "label_id": "Strawberry", "bbox": [1073, 984, 26, 35]}, {"id": 5, "label_id": "Strawberry", "bbox": [599, 510, 71, 93]}, {"id": 6, "label_id": "Strawberry", "bbox": [1462, 281, 19, 26]}, {"id": 7, "label_id": "Strawberry", "bbox": [1533, 817, 77, 98]}, {"id": 8, "label_id": "Strawberry", "bbox": [1327, 494, 85, 124]}, {"id": 9, "label_id": "Strawberry", "bbox": [826, 557, 5, 8]}]