[{"id": 0, "label_id": "Strawberry", "bbox": [531, 267, 72, 91]}, {"id": 1, "label_id": "Strawberry", "bbox": [1106, 881, 28, 28]}, {"id": 2, "label_id": "Strawberry", "bbox": [705, 908, 21, 27]}, {"id": 3, "label_id": "Strawberry", "bbox": [1092, 249, 127, 171]}, {"id": 4, "label_id": "Strawberry", "bbox": [264, 744, 10, 9]}, {"id": 5, "label_id": "Strawberry", "bbox": [1452, 921, 4, 2]}, {"id": 6, "label_id": "Strawberry", "bbox": [944, 876, 76, 96]}, {"id": 7, "label_id": "Strawberry", "bbox": [819, 891, 25, 25]}, {"id": 8, "label_id": "Strawberry", "bbox": [1435, 329, 36, 44]}, {"id": 9, "label_id": "Strawberry", "bbox": [731, 446, 67, 81]}, {"id": 10, "label_id": "Strawberry", "bbox": [410, 475, 2, 3]}, {"id": 11, "label_id": "Strawberry", "bbox": [1141, 771, 76, 106]}, {"id": 12, "label_id": "Strawberry", "bbox": [759, 921, 2, 4]}, {"id": 13, "label_id": "Apple", "bbox": [1315, 87, 168, 198]}]