[{"id": 0, "label_id": "Strawberry", "bbox": [1035, 808, 57, 76]}, {"id": 1, "label_id": "Strawberry", "bbox": [1645, 773, 9, 11]}, {"id": 2, "label_id": "Strawberry", "bbox": [843, 306, 40, 47]}, {"id": 3, "label_id": "Strawberry", "bbox": [456, 74, 45, 41]}, {"id": 4, "label_id": "Strawberry", "bbox": [576, 568, 4, 7]}, {"id": 5, "label_id": "Apple", "bbox": [1313, 137, 273, 324]}, {"id": 6, "label_id": "Strawberry", "bbox": [856, 556, 20, 24]}, {"id": 7, "label_id": "Apple", "bbox": [828, 360, 145, 143]}, {"id": 8, "label_id": "Strawberry", "bbox": [642, 359, 4, 1]}, {"id": 9, "label_id": "Strawberry", "bbox": [1213, 136, 2, 3]}, {"id": 10, "label_id": "Strawberry", "bbox": [801, 827, 53, 60]}, {"id": 11, "label_id": "Strawberry", "bbox": [906, 782, 111, 149]}, {"id": 12, "label_id": "Strawberry", "bbox": [598, 397, 31, 35]}, {"id": 13, "label_id": "Strawberry", "bbox": [1271, 793, 21, 32]}, {"id": 14, "label_id": "Strawberry", "bbox": [1158, 730, 7, 11]}, {"id": 15, "label_id": "Strawberry", "bbox": [416, 814, 6, 2]}]