[{"id": 0, "label_id": "Strawberry", "bbox": [957, 125, 51, 70]}, {"id": 1, "label_id": "Strawberry", "bbox": [191, 703, 34, 15]}, {"id": 2, "label_id": "Strawberry", "bbox": [860, 731, 8, 8]}, {"id": 3, "label_id": "Strawberry", "bbox": [813, 612, 48, 71]}, {"id": 4, "label_id": "Strawberry", "bbox": [625, 632, 56, 82]}, {"id": 5, "label_id": "Apple", "bbox": [259, 601, 289, 297]}, {"id": 6, "label_id": "Strawberry", "bbox": [512, 448, 94, 127]}, {"id": 7, "label_id": "Apple", "bbox": [1259, 428, 344, 405]}, {"id": 8, "label_id": "Strawberry", "bbox": [1623, 298, 1, 2]}, {"id": 9, "label_id": "Apple", "bbox": [1059, 70, 216, 214]}, {"id": 10, "label_id": "Strawberry", "bbox": [698, 40, 48, 61]}, {"id": 11, "label_id": "Strawberry", "bbox": [1449, 1028, 12, 12]}, {"id": 12, "label_id": "Strawberry", "bbox": [553, 364, 26, 26]}, {"id": 13, "label_id": "Strawberry", "bbox": [662, 403, 38, 16]}, {"id": 14, "label_id": "Pear", "bbox": [1154, 626, 79, 165]}]