[{"id": 0, "label_id": "Strawberry", "bbox": [811, 707, 21, 20]}, {"id": 1, "label_id": "Pear", "bbox": [912, 219, 399, 492]}, {"id": 2, "label_id": "Strawberry", "bbox": [504, 130, 47, 66]}, {"id": 3, "label_id": "Strawberry", "bbox": [426, 362, 23, 27]}, {"id": 4, "label_id": "Strawberry", "bbox": [412, 903, 72, 87]}, {"id": 5, "label_id": "Strawberry", "bbox": [693, 552, 62, 83]}, {"id": 6, "label_id": "Strawberry", "bbox": [309, 11, 42, 59]}, {"id": 7, "label_id": "Strawberry", "bbox": [609, 477, 40, 56]}, {"id": 8, "label_id": "Strawberry", "bbox": [167, 379, 94, 137]}, {"id": 9, "label_id": "Strawberry", "bbox": [1578, 886, 13, 11]}, {"id": 10, "label_id": "Strawberry", "bbox": [297, 634, 25, 11]}, {"id": 11, "label_id": "Strawberry", "bbox": [1641, 12, 2, 4]}]