[{"id": 0, "label_id": "Strawberry", "bbox": [1211, 369, 36, 42]}, {"id": 1, "label_id": "Pear", "bbox": [261, 499, 393, 484]}, {"id": 2, "label_id": "Strawberry", "bbox": [1604, 642, 39, 49]}, {"id": 3, "label_id": "Strawberry", "bbox": [1309, 66, 82, 104]}, {"id": 4, "label_id": "Pear", "bbox": [804, 301, 353, 435]}, {"id": 5, "label_id": "Strawberry", "bbox": [1466, 1037, 5, 5]}, {"id": 6, "label_id": "Strawberry", "bbox": [807, 994, 21, 21]}, {"id": 7, "label_id": "Strawberry", "bbox": [1456, 686, 65, 91]}, {"id": 8, "label_id": "Strawberry", "bbox": [714, 716, 63, 84]}, {"id": 9, "label_id": "Apple", "bbox": [1117, 110, 120, 119]}, {"id": 10, "label_id": "Strawberry", "bbox": [1568, 108, 25, 38]}, {"id": 11, "label_id": "Strawberry", "bbox": [1609, 235, 2, 4]}, {"id": 12, "label_id": "Pear", "bbox": [1481, 460, 115, 156]}, {"id": 13, "label_id": "Strawberry", "bbox": [1276, 412, 39, 61]}, {"id": 14, "label_id": "Pear", "bbox": [299, 101, 110, 228]}]