[{"id": 0, "label_id": "Strawberry", "bbox": [596, 962, 58, 78]}, {"id": 1, "label_id": "Strawberry", "bbox": [1516, 177, 36, 52]}, {"id": 2, "label_id": "Strawberry", "bbox": [1284, 889, 36, 47]}, {"id": 3, "label_id": "Strawberry", "bbox": [1070, 230, 81, 109]}, {"id": 4, "label_id": "Strawberry", "bbox": [570, 603, 38, 58]}, {"id": 5, "label_id": "Strawberry", "bbox": [363, 853, 34, 32]}, {"id": 6, "label_id": "Strawberry", "bbox": [1253, 227, 30, 13]}, {"id": 7, "label_id": "Pear", "bbox": [557, 38, 424, 522]}, {"id": 8, "label_id": "Strawberry", "bbox": [555, 707, 72, 97]}, {"id": 9, "label_id": "Strawberry", "bbox": [491, 473, 16, 16]}, {"id": 10, "label_id": "Apple", "bbox": [1006, 387, 390, 367]}, {"id": 12, "label_id": "Strawberry", "bbox": [1176, 21, 64, 93]}, {"id": 13, "label_id": "Strawberry", "bbox": [322, 419, 44, 34]}, {"id": 14, "label_id": "Pear", "bbox": [307, 58, 222, 303]}, {"id": 15, "label_id": "Strawberry", "bbox": [365, 24, 37, 16]}]