[{"id": 0, "label_id": "Strawberry", "bbox": [230, 704, 5, 9]}, {"id": 1, "label_id": "Strawberry", "bbox": [590, 283, 50, 68]}, {"id": 2, "label_id": "Strawberry", "bbox": [233, 856, 1, 2]}, {"id": 3, "label_id": "Strawberry", "bbox": [915, 331, 7, 3]}, {"id": 4, "label_id": "Strawberry", "bbox": [1301, 757, 126, 184]}, {"id": 5, "label_id": "Pear", "bbox": [947, 119, 447, 551]}, {"id": 6, "label_id": "Apple", "bbox": [296, 649, 358, 369]}, {"id": 7, "label_id": "Strawberry", "bbox": [1584, 427, 27, 31]}, {"id": 8, "label_id": "Apple", "bbox": [1060, 715, 227, 234]}, {"id": 9, "label_id": "Strawberry", "bbox": [529, 388, 11, 16]}, {"id": 10, "label_id": "Strawberry", "bbox": [352, 451, 15, 15]}, {"id": 11, "label_id": "Strawberry", "bbox": [1483, 421, 51, 40]}, {"id": 12, "label_id": "Strawberry", "bbox": [604, 405, 27, 30]}, {"id": 13, "label_id": "Pear", "bbox": [246, 141, 201, 274]}]