[{"id": 0, "label_id": "Strawberry", "bbox": [1487, 623, 36, 41]}, {"id": 1, "label_id": "Strawberry", "bbox": [730, 658, 39, 47]}, {"id": 2, "label_id": "Strawberry", "bbox": [857, 340, 49, 67]}, {"id": 3, "label_id": "Strawberry", "bbox": [1610, 483, 7, 11]}, {"id": 4, "label_id": "Strawberry", "bbox": [693, 16, 24, 23]}, {"id": 5, "label_id": "Strawberry", "bbox": [932, 798, 26, 30]}, {"id": 6, "label_id": "Apple", "bbox": [963, 191, 242, 249]}, {"id": 7, "label_id": "Apple", "bbox": [716, 426, 177, 176]}, {"id": 8, "label_id": "Strawberry", "bbox": [334, 724, 64, 78]}, {"id": 9, "label_id": "Strawberry", "bbox": [257, 483, 42, 59]}, {"id": 10, "label_id": "Strawberry", "bbox": [209, 860, 28, 33]}, {"id": 11, "label_id": "Pear", "bbox": [552, 252, 118, 160]}, {"id": 12, "label_id": "Strawberry", "bbox": [1171, 597, 102, 143]}, {"id": 13, "label_id": "Strawberry", "bbox": [1090, 740, 1, 2]}, {"id": 14, "label_id": "Apple", "bbox": [481, 34, 129, 129]}, {"id": 15, "label_id": "Strawberry", "bbox": [996, 720, 2, 3]}, {"id": 16, "label_id": "Pear", "bbox": [341, 535, 106, 144]}, {"id": 17, "label_id": "Strawberry", "bbox": [868, 49, 9, 13]}]