[{"id": 0, "label_id": "Pear", "bbox": [190, 653, 221, 301]}, {"id": 1, "label_id": "Strawberry", "bbox": [960, 519, 19, 22]}, {"id": 2, "label_id": "Strawberry", "bbox": [585, 397, 2, 4]}, {"id": 3, "label_id": "Strawberry", "bbox": [1290, 879, 21, 25]}, {"id": 4, "label_id": "Pear", "bbox": [543, 554, 210, 285]}, {"id": 5, "label_id": "Strawberry", "bbox": [1023, 156, 43, 50]}, {"id": 6, "label_id": "Strawberry", "bbox": [1098, 329, 1, 2]}, {"id": 7, "label_id": "Pear", "bbox": [764, 614, 288, 355]}, {"id": 8, "label_id": "Strawberry", "bbox": [1305, 702, 25, 29]}, {"id": 9, "label_id": "Strawberry", "bbox": [437, 490, 34, 39]}, {"id": 10, "label_id": "Strawberry", "bbox": [1434, 505, 71, 86]}, {"id": 11, "label_id": "Strawberry", "bbox": [775, 34, 58, 53]}, {"id": 12, "label_id": "Strawberry", "bbox": [638, 337, 5, 2]}, {"id": 13, "label_id": "Strawberry", "bbox": [1411, 826, 46, 62]}, {"id": 14, "label_id": "Strawberry", "bbox": [803, 546, 5, 5]}, {"id": 15, "label_id": "Strawberry", "bbox": [1299, 616, 57, 76]}, {"id": 16, "label_id": "Strawberry", "bbox": [1392, 973, 49, 61]}, {"id": 17, "label_id": "Pear", "bbox": [1361, 73, 101, 137]}, {"id": 18, "label_id": "Strawberry", "bbox": [1154, 444, 87, 118]}]