[{"id": 0, "label_id": "Strawberry", "bbox": [1211, 995, 12, 15]}, {"id": 1, "label_id": "Pear", "bbox": [1154, 154, 123, 256]}, {"id": 2, "label_id": "Strawberry", "bbox": [762, 727, 66, 90]}, {"id": 3, "label_id": "Strawberry", "bbox": [342, 633, 16, 20]}, {"id": 4, "label_id": "Strawberry", "bbox": [575, 989, 18, 15]}, {"id": 5, "label_id": "Strawberry", "bbox": [1187, 53, 65, 82]}, {"id": 6, "label_id": "Strawberry", "bbox": [812, 471, 25, 11]}, {"id": 7, "label_id": "Strawberry", "bbox": [1352, 47, 88, 113]}, {"id": 8, "label_id": "Strawberry", "bbox": [224, 174, 27, 32]}, {"id": 9, "label_id": "Strawberry", "bbox": [831, 378, 39, 56]}, {"id": 10, "label_id": "Strawberry", "bbox": [987, 707, 22, 28]}]