[{"id": 0, "label_id": "Strawberry", "bbox": [1490, 671, 48, 55]}, {"id": 1, "label_id": "Pear", "bbox": [665, 297, 111, 151]}, {"id": 2, "label_id": "Strawberry", "bbox": [265, 319, 55, 50]}, {"id": 3, "label_id": "Strawberry", "bbox": [1474, 481, 48, 63]}, {"id": 4, "label_id": "Pear", "bbox": [1168, 634, 278, 343]}, {"id": 5, "label_id": "Strawberry", "bbox": [617, 859, 29, 37]}, {"id": 6, "label_id": "Pear", "bbox": [1321, 180, 128, 267]}, {"id": 7, "label_id": "Strawberry", "bbox": [269, 885, 71, 99]}, {"id": 8, "label_id": "Strawberry", "bbox": [336, 383, 59, 87]}]