[{"id": 0, "label_id": "Strawberry", "bbox": [270, 21, 48, 63]}, {"id": 1, "label_id": "Strawberry", "bbox": [1058, 208, 18, 24]}, {"id": 2, "label_id": "Pear", "bbox": [1371, 516, 117, 244]}, {"id": 3, "label_id": "Strawberry", "bbox": [461, 220, 43, 34]}, {"id": 4, "label_id": "Strawberry", "bbox": [1513, 740, 55, 67]}, {"id": 5, "label_id": "Apple", "bbox": [1085, 602, 143, 143]}, {"id": 6, "label_id": "Strawberry", "bbox": [572, 919, 79, 99]}, {"id": 7, "label_id": "Strawberry", "bbox": [523, 926, 37, 48]}, {"id": 8, "label_id": "Strawberry", "bbox": [572, 663, 45, 62]}, {"id": 9, "label_id": "Strawberry", "bbox": [946, 335, 108, 158]}, {"id": 10, "label_id": "Strawberry", "bbox": [185, 286, 36, 42]}]