[{"id": 0, "label_id": "Strawberry", "bbox": [1288, 784, 46, 62]}, {"id": 1, "label_id": "Strawberry", "bbox": [190, 898, 13, 16]}, {"id": 2, "label_id": "Strawberry", "bbox": [831, 68, 65, 91]}, {"id": 3, "label_id": "Strawberry", "bbox": [1239, 549, 13, 19]}, {"id": 4, "label_id": "Strawberry", "bbox": [411, 924, 43, 57]}, {"id": 5, "label_id": "Strawberry", "bbox": [825, 489, 24, 19]}, {"id": 6, "label_id": "Strawberry", "bbox": [676, 447, 24, 24]}, {"id": 7, "label_id": "Strawberry", "bbox": [1036, 614, 52, 64]}, {"id": 8, "label_id": "Strawberry", "bbox": [721, 663, 49, 66]}, {"id": 9, "label_id": "Strawberry", "bbox": [359, 595, 87, 106]}, {"id": 10, "label_id": "Strawberry", "bbox": [679, 139, 45, 52]}, {"id": 11, "label_id": "Strawberry", "bbox": [542, 1007, 4, 7]}, {"id": 12, "label_id": "Strawberry", "bbox": [504, 923, 90, 82]}, {"id": 13, "label_id": "Apple", "bbox": [335, 168, 337, 397]}, {"id": 14, "label_id": "Strawberry", "bbox": [1025, 921, 39, 51]}, {"id": 15, "label_id": "Strawberry", "bbox": [1471, 507, 29, 33]}]