[{"id": 0, "label_id": "Strawberry", "bbox": [221, 901, 31, 36]}, {"id": 1, "label_id": "Strawberry", "bbox": [687, 200, 61, 85]}, {"id": 2, "label_id": "Strawberry", "bbox": [581, 918, 5, 8]}, {"id": 3, "label_id": "Pear", "bbox": [1095, 296, 130, 177]}, {"id": 4, "label_id": "Strawberry", "bbox": [657, 78, 33, 43]}, {"id": 5, "label_id": "Strawberry", "bbox": [473, 566, 50, 65]}, {"id": 6, "label_id": "Strawberry", "bbox": [306, 969, 27, 39]}, {"id": 7, "label_id": "Apple", "bbox": [1290, 560, 258, 306]}, {"id": 8, "label_id": "Strawberry", "bbox": [547, 675, 109, 146]}, {"id": 9, "label_id": "Strawberry", "bbox": [401, 669, 2, 3]}, {"id": 10, "label_id": "Strawberry", "bbox": [837, 569, 64, 85]}, {"id": 11, "label_id": "Apple", "bbox": [381, 289, 139, 139]}, {"id": 12, "label_id": "Strawberry", "bbox": [629, 82, 23, 28]}, {"id": 13, "label_id": "Apple", "bbox": [693, 635, 140, 112]}, {"id": 14, "label_id": "Strawberry", "bbox": [758, 251, 28, 43]}, {"id": 15, "label_id": "Strawberry", "bbox": [855, 838, 37, 48]}, {"id": 16, "label_id": "Strawberry", "bbox": [308, 19, 46, 61]}]