[{"id": 0, "label_id": "Pear", "bbox": [1089, 607, 135, 183]}, {"id": 1, "label_id": "Pear", "bbox": [834, 591, 166, 226]}, {"id": 2, "label_id": "Strawberry", "bbox": [1273, 306, 100, 126]}, {"id": 3, "label_id": "Strawberry", "bbox": [805, 491, 48, 54]}, {"id": 4, "label_id": "Strawberry", "bbox": [715, 857, 42, 18]}, {"id": 5, "label_id": "Strawberry", "bbox": [438, 322, 55, 69]}, {"id": 6, "label_id": "Strawberry", "bbox": [480, 574, 22, 34]}, {"id": 9, "label_id": "Strawberry", "bbox": [1124, 836, 18, 23]}, {"id": 10, "label_id": "Strawberry", "bbox": [574, 327, 108, 146]}, {"id": 11, "label_id": "Strawberry", "bbox": [653, 219, 81, 108]}, {"id": 12, "label_id": "Strawberry", "bbox": [805, 753, 8, 12]}, {"id": 13, "label_id": "Strawberry", "bbox": [1361, 562, 51, 72]}, {"id": 14, "label_id": "Strawberry", "bbox": [341, 862, 74, 100]}, {"id": 15, "label_id": "Strawberry", "bbox": [1117, 55, 47, 43]}]