[{"id": 0, "label_id": "Strawberry", "bbox": [497, 21, 19, 16]}, {"id": 1, "label_id": "Strawberry", "bbox": [1006, 360, 5, 2]}, {"id": 2, "label_id": "Strawberry", "bbox": [209, 974, 47, 57]}, {"id": 3, "label_id": "Strawberry", "bbox": [490, 637, 61, 77]}, {"id": 4, "label_id": "Strawberry", "bbox": [590, 424, 9, 12]}, {"id": 5, "label_id": "Strawberry", "bbox": [670, 630, 21, 33]}, {"id": 6, "label_id": "Strawberry", "bbox": [1338, 292, 46, 67]}, {"id": 7, "label_id": "Strawberry", "bbox": [380, 723, 93, 112]}, {"id": 8, "label_id": "Strawberry", "bbox": [344, 439, 58, 77]}]