[{"id": 0, "label_id": "Strawberry", "bbox": [821, 32, 86, 109]}, {"id": 1, "label_id": "Strawberry", "bbox": [719, 895, 75, 99]}, {"id": 2, "label_id": "Pear", "bbox": [488, 672, 183, 249]}, {"id": 3, "label_id": "Strawberry", "bbox": [1416, 290, 3, 5]}, {"id": 4, "label_id": "Strawberry", "bbox": [509, 480, 75, 102]}, {"id": 5, "label_id": "Strawberry", "bbox": [939, 490, 2, 4]}, {"id": 6, "label_id": "Strawberry", "bbox": [656, 358, 19, 8]}, {"id": 7, "label_id": "Strawberry", "bbox": [1019, 375, 97, 118]}, {"id": 8, "label_id": "Strawberry", "bbox": [1477, 633, 54, 72]}, {"id": 9, "label_id": "Strawberry", "bbox": [1228, 619, 28, 34]}, {"id": 10, "label_id": "Strawberry", "bbox": [715, 123, 67, 83]}]