[{"id": 0, "label_id": "Strawberry", "bbox": [1140, 372, 18, 28]}, {"id": 1, "label_id": "Strawberry", "bbox": [943, 364, 30, 37]}, {"id": 2, "label_id": "Strawberry", "bbox": [497, 257, 84, 77]}, {"id": 3, "label_id": "Apple", "bbox": [1094, 513, 509, 525]}, {"id": 4, "label_id": "Apple", "bbox": [465, 490, 338, 348]}, {"id": 5, "label_id": "Strawberry", "bbox": [1079, 372, 33, 37]}, {"id": 6, "label_id": "Pear", "bbox": [213, 455, 144, 196]}, {"id": 7, "label_id": "Strawberry", "bbox": [1055, 151, 20, 24]}, {"id": 8, "label_id": "Strawberry", "bbox": [848, 26, 72, 88]}, {"id": 9, "label_id": "Strawberry", "bbox": [1173, 258, 59, 80]}, {"id": 10, "label_id": "Strawberry", "bbox": [1632, 338, 11, 12]}, {"id": 11, "label_id": "Strawberry", "bbox": [1151, 410, 47, 59]}, {"id": 12, "label_id": "Strawberry", "bbox": [1272, 287, 61, 75]}, {"id": 13, "label_id": "Apple", "bbox": [1363, 352, 95, 76]}, {"id": 15, "label_id": "Strawberry", "bbox": [969, 681, 48, 58]}, {"id": 16, "label_id": "Strawberry", "bbox": [350, 324, 88, 124]}, {"id": 17, "label_id": "Strawberry", "bbox": [1224, 166, 59, 87]}, {"id": 18, "label_id": "Strawberry", "bbox": [800, 233, 103, 144]}, {"id": 19, "label_id": "Strawberry", "bbox": [515, 35, 67, 88]}]