[{"id": 0, "label_id": "Strawberry", "bbox": [1072, 14, 61, 77]}, {"id": 1, "label_id": "Strawberry", "bbox": [1031, 904, 3, 6]}, {"id": 2, "label_id": "Strawberry", "bbox": [1570, 981, 12, 18]}, {"id": 3, "label_id": "Strawberry", "bbox": [1480, 719, 72, 88]}, {"id": 4, "label_id": "Strawberry", "bbox": [983, 42, 5, 2]}, {"id": 5, "label_id": "Strawberry", "bbox": [1585, 900, 44, 58]}, {"id": 6, "label_id": "Strawberry", "bbox": [1414, 566, 49, 64]}, {"id": 7, "label_id": "Strawberry", "bbox": [471, 121, 24, 31]}, {"id": 8, "label_id": "Strawberry", "bbox": [528, 151, 2, 4]}, {"id": 9, "label_id": "Strawberry", "bbox": [671, 465, 24, 30]}]