[{"id": 0, "label_id": "Strawberry", "bbox": [1171, 290, 22, 21]}, {"id": 1, "label_id": "Strawberry", "bbox": [1181, 417, 20, 24]}, {"id": 2, "label_id": "Strawberry", "bbox": [348, 768, 63, 79]}, {"id": 3, "label_id": "Strawberry", "bbox": [215, 759, 29, 34]}, {"id": 4, "label_id": "Strawberry", "bbox": [1187, 616, 28, 38]}, {"id": 5, "label_id": "Strawberry", "bbox": [488, 582, 7, 7]}, {"id": 6, "label_id": "Strawberry", "bbox": [1367, 615, 33, 44]}, {"id": 7, "label_id": "Strawberry", "bbox": [1069, 911, 109, 131]}, {"id": 8, "label_id": "Strawberry", "bbox": [654, 244, 25, 29]}, {"id": 9, "label_id": "Strawberry", "bbox": [331, 347, 36, 42]}, {"id": 10, "label_id": "Strawberry", "bbox": [662, 637, 34, 34]}]