[{"id": 0, "label_id": "Strawberry", "bbox": [1189, 280, 2, 3]}, {"id": 1, "label_id": "Strawberry", "bbox": [739, 260, 49, 68]}, {"id": 2, "label_id": "Strawberry", "bbox": [1185, 98, 34, 47]}, {"id": 3, "label_id": "Strawberry", "bbox": [487, 741, 27, 22]}, {"id": 4, "label_id": "Strawberry", "bbox": [1048, 400, 60, 69]}, {"id": 5, "label_id": "Strawberry", "bbox": [424, 630, 24, 31]}, {"id": 6, "label_id": "Strawberry", "bbox": [911, 425, 72, 101]}, {"id": 7, "label_id": "Strawberry", "bbox": [875, 467, 25, 29]}, {"id": 8, "label_id": "Strawberry", "bbox": [1307, 475, 96, 129]}, {"id": 9, "label_id": "Strawberry", "bbox": [555, 837, 106, 156]}]