[{"id": 0, "label_id": "Strawberry", "bbox": [1326, 117, 24, 29]}, {"id": 1, "label_id": "Strawberry", "bbox": [1565, 657, 22, 32]}, {"id": 2, "label_id": "Strawberry", "bbox": [1187, 502, 2, 3]}, {"id": 3, "label_id": "Strawberry", "bbox": [1086, 139, 69, 93]}, {"id": 4, "label_id": "Strawberry", "bbox": [1287, 461, 20, 23]}, {"id": 5, "label_id": "Strawberry", "bbox": [457, 858, 90, 109]}, {"id": 6, "label_id": "Strawberry", "bbox": [1645, 413, 9, 9]}, {"id": 7, "label_id": "Strawberry", "bbox": [791, 502, 2, 3]}, {"id": 8, "label_id": "Strawberry", "bbox": [1402, 387, 64, 80]}, {"id": 9, "label_id": "Strawberry", "bbox": [793, 771, 61, 86]}, {"id": 10, "label_id": "Strawberry", "bbox": [1181, 526, 2, 3]}, {"id": 11, "label_id": "Strawberry", "bbox": [292, 89, 22, 31]}, {"id": 12, "label_id": "Strawberry", "bbox": [805, 111, 37, 44]}, {"id": 13, "label_id": "Strawberry", "bbox": [493, 105, 11, 17]}, {"id": 14, "label_id": "Strawberry", "bbox": [345, 436, 58, 66]}, {"id": 15, "label_id": "Strawberry", "bbox": [985, 445, 50, 66]}, {"id": 16, "label_id": "Strawberry", "bbox": [486, 387, 36, 28]}]