[{"id": 0, "label_id": "Strawberry", "bbox": [1189, 207, 5, 9]}, {"id": 1, "label_id": "Strawberry", "bbox": [411, 288, 65, 85]}, {"id": 2, "label_id": "Strawberry", "bbox": [1238, 46, 37, 29]}, {"id": 3, "label_id": "Strawberry", "bbox": [217, 325, 28, 33]}, {"id": 4, "label_id": "Strawberry", "bbox": [226, 88, 3, 6]}, {"id": 5, "label_id": "Strawberry", "bbox": [227, 275, 31, 30]}, {"id": 6, "label_id": "Strawberry", "bbox": [948, 252, 34, 26]}, {"id": 7, "label_id": "Strawberry", "bbox": [1135, 158, 12, 17]}, {"id": 8, "label_id": "Strawberry", "bbox": [214, 585, 39, 55]}, {"id": 9, "label_id": "Strawberry", "bbox": [362, 184, 27, 21]}, {"id": 10, "label_id": "Strawberry", "bbox": [645, 927, 5, 4]}, {"id": 11, "label_id": "Strawberry", "bbox": [1612, 207, 29, 27]}, {"id": 12, "label_id": "Strawberry", "bbox": [1323, 609, 100, 147]}, {"id": 13, "label_id": "Strawberry", "bbox": [1332, 237, 14, 18]}, {"id": 14, "label_id": "Strawberry", "bbox": [291, 112, 44, 61]}]