[{"id": 0, "label_id": "Strawberry", "bbox": [611, 357, 104, 146]}, {"id": 1, "label_id": "Strawberry", "bbox": [380, 21, 24, 28]}, {"id": 2, "label_id": "Strawberry", "bbox": [334, 168, 79, 108]}, {"id": 3, "label_id": "Strawberry", "bbox": [1456, 354, 70, 86]}, {"id": 4, "label_id": "Strawberry", "bbox": [177, 509, 54, 73]}, {"id": 5, "label_id": "Strawberry", "bbox": [261, 911, 3, 5]}, {"id": 6, "label_id": "Strawberry", "bbox": [1475, 788, 30, 38]}, {"id": 7, "label_id": "Strawberry", "bbox": [937, 522, 20, 27]}, {"id": 8, "label_id": "Strawberry", "bbox": [990, 870, 102, 137]}, {"id": 9, "label_id": "Strawberry", "bbox": [1498, 140, 53, 65]}, {"id": 10, "label_id": "Strawberry", "bbox": [1642, 515, 5, 8]}, {"id": 11, "label_id": "Strawberry", "bbox": [1588, 369, 61, 82]}, {"id": 12, "label_id": "Strawberry", "bbox": [768, 591, 106, 133]}]