[{"id": 0, "label_id": "Strawberry", "bbox": [1580, 734, 21, 28]}, {"id": 1, "label_id": "Strawberry", "bbox": [354, 117, 77, 105]}, {"id": 2, "label_id": "Strawberry", "bbox": [1189, 371, 53, 65]}, {"id": 3, "label_id": "Strawberry", "bbox": [438, 416, 45, 60]}, {"id": 4, "label_id": "Strawberry", "bbox": [1356, 665, 54, 80]}, {"id": 5, "label_id": "Strawberry", "bbox": [202, 324, 23, 23]}, {"id": 6, "label_id": "Strawberry", "bbox": [939, 843, 5, 8]}, {"id": 7, "label_id": "Strawberry", "bbox": [465, 292, 17, 21]}, {"id": 8, "label_id": "Strawberry", "bbox": [1020, 349, 99, 134]}, {"id": 9, "label_id": "Strawberry", "bbox": [573, 756, 4, 7]}, {"id": 10, "label_id": "Strawberry", "bbox": [1599, 547, 49, 56]}, {"id": 11, "label_id": "Strawberry", "bbox": [443, 494, 34, 40]}, {"id": 12, "label_id": "Strawberry", "bbox": [1365, 800, 54, 68]}, {"id": 13, "label_id": "Strawberry", "bbox": [681, 844, 25, 33]}, {"id": 14, "label_id": "Strawberry", "bbox": [1154, 907, 12, 17]}, {"id": 15, "label_id": "Strawberry", "bbox": [1295, 595, 1, 1]}]