[{"id": 0, "label_id": "Strawberry", "bbox": [245, 177, 26, 31]}, {"id": 1, "label_id": "Strawberry", "bbox": [1385, 371, 61, 85]}, {"id": 2, "label_id": "Strawberry", "bbox": [709, 34, 21, 20]}, {"id": 3, "label_id": "Strawberry", "bbox": [1588, 1040, 3, 6]}, {"id": 4, "label_id": "Strawberry", "bbox": [437, 616, 9, 12]}, {"id": 5, "label_id": "Strawberry", "bbox": [343, 246, 52, 72]}, {"id": 6, "label_id": "Strawberry", "bbox": [485, 531, 71, 94]}, {"id": 7, "label_id": "Strawberry", "bbox": [1522, 130, 44, 62]}, {"id": 8, "label_id": "Strawberry", "bbox": [1385, 718, 85, 119]}, {"id": 9, "label_id": "Strawberry", "bbox": [916, 519, 50, 57]}, {"id": 10, "label_id": "Strawberry", "bbox": [942, 332, 2, 3]}, {"id": 11, "label_id": "Strawberry", "bbox": [286, 651, 41, 54]}, {"id": 12, "label_id": "Strawberry", "bbox": [209, 785, 85, 103]}, {"id": 13, "label_id": "Strawberry", "bbox": [513, 153, 22, 29]}, {"id": 14, "label_id": "Strawberry", "bbox": [1465, 937, 36, 40]}, {"id": 15, "label_id": "Strawberry", "bbox": [808, 121, 23, 30]}, {"id": 16, "label_id": "Strawberry", "bbox": [1040, 643, 37, 50]}, {"id": 17, "label_id": "Strawberry", "bbox": [1023, 313, 80, 112]}, {"id": 18, "label_id": "Strawberry", "bbox": [815, 261, 12, 18]}]