[{"id": 0, "label_id": "Strawberry", "bbox": [1122, 116, 73, 92]}, {"id": 1, "label_id": "Strawberry", "bbox": [718, 549, 40, 56]}, {"id": 2, "label_id": "Strawberry", "bbox": [249, 484, 58, 74]}, {"id": 3, "label_id": "Strawberry", "bbox": [781, 417, 33, 44]}, {"id": 4, "label_id": "Strawberry", "bbox": [1127, 990, 15, 19]}, {"id": 5, "label_id": "Strawberry", "bbox": [1196, 112, 15, 18]}, {"id": 6, "label_id": "Strawberry", "bbox": [889, 238, 91, 127]}, {"id": 7, "label_id": "Strawberry", "bbox": [621, 891, 67, 93]}, {"id": 8, "label_id": "Strawberry", "bbox": [956, 174, 42, 56]}, {"id": 9, "label_id": "Strawberry", "bbox": [1571, 238, 33, 37]}, {"id": 10, "label_id": "Strawberry", "bbox": [1572, 700, 10, 9]}, {"id": 11, "label_id": "Strawberry", "bbox": [1099, 264, 46, 64]}, {"id": 12, "label_id": "Strawberry", "bbox": [650, 339, 36, 51]}, {"id": 13, "label_id": "Strawberry", "bbox": [1374, 502, 59, 75]}, {"id": 14, "label_id": "Strawberry", "bbox": [761, 68, 94, 118]}, {"id": 15, "label_id": "Strawberry", "bbox": [787, 899, 5, 4]}]