[{"id": 0, "label_id": "Strawberry", "bbox": [903, 208, 48, 66]}, {"id": 1, "label_id": "Strawberry", "bbox": [630, 595, 14, 15]}, {"id": 2, "label_id": "Strawberry", "bbox": [983, 243, 25, 31]}, {"id": 3, "label_id": "Strawberry", "bbox": [877, 900, 43, 51]}, {"id": 4, "label_id": "Strawberry", "bbox": [1193, 148, 78, 94]}, {"id": 5, "label_id": "Strawberry", "bbox": [808, 78, 96, 129]}, {"id": 6, "label_id": "Strawberry", "bbox": [625, 50, 23, 28]}, {"id": 7, "label_id": "Strawberry", "bbox": [1607, 947, 2, 3]}, {"id": 8, "label_id": "Strawberry", "bbox": [1594, 160, 22, 9]}, {"id": 9, "label_id": "Strawberry", "bbox": [787, 636, 72, 95]}, {"id": 10, "label_id": "Strawberry", "bbox": [749, 205, 29, 35]}]