[{"id": 0, "label_id": "Strawberry", "bbox": [1526, 63, 73, 102]}, {"id": 1, "label_id": "Strawberry", "bbox": [524, 752, 26, 30]}, {"id": 2, "label_id": "Strawberry", "bbox": [191, 780, 62, 78]}, {"id": 3, "label_id": "Strawberry", "bbox": [1255, 432, 33, 39]}, {"id": 4, "label_id": "Strawberry", "bbox": [1072, 211, 66, 91]}, {"id": 5, "label_id": "Strawberry", "bbox": [272, 484, 43, 50]}, {"id": 6, "label_id": "Strawberry", "bbox": [642, 821, 31, 40]}, {"id": 7, "label_id": "Strawberry", "bbox": [1322, 360, 34, 48]}, {"id": 8, "label_id": "Strawberry", "bbox": [1060, 559, 100, 122]}, {"id": 9, "label_id": "Strawberry", "bbox": [1014, 907, 52, 68]}, {"id": 10, "label_id": "Strawberry", "bbox": [901, 817, 67, 61]}, {"id": 11, "label_id": "Strawberry", "bbox": [883, 190, 60, 79]}, {"id": 12, "label_id": "Strawberry", "bbox": [464, 153, 73, 91]}, {"id": 13, "label_id": "Strawberry", "bbox": [1486, 870, 10, 14]}, {"id": 14, "label_id": "Strawberry", "bbox": [644, 882, 3, 1]}, {"id": 15, "label_id": "Strawberry", "bbox": [919, 304, 43, 53]}, {"id": 16, "label_id": "Strawberry", "bbox": [1335, 785, 35, 41]}, {"id": 17, "label_id": "Strawberry", "bbox": [541, 974, 23, 26]}, {"id": 18, "label_id": "Strawberry", "bbox": [924, 890, 71, 86]}, {"id": 19, "label_id": "Strawberry", "bbox": [1486, 342, 16, 19]}]