[{"id": 0, "label_id": "Strawberry", "bbox": [389, 732, 34, 42]}, {"id": 1, "label_id": "Strawberry", "bbox": [956, 626, 48, 64]}, {"id": 2, "label_id": "Strawberry", "bbox": [1557, 433, 93, 119]}, {"id": 3, "label_id": "Strawberry", "bbox": [178, 604, 59, 79]}, {"id": 4, "label_id": "Strawberry", "bbox": [678, 215, 2, 4]}, {"id": 5, "label_id": "Strawberry", "bbox": [207, 371, 92, 113]}, {"id": 6, "label_id": "Strawberry", "bbox": [248, 770, 82, 104]}, {"id": 7, "label_id": "Strawberry", "bbox": [929, 96, 16, 23]}, {"id": 8, "label_id": "Strawberry", "bbox": [917, 850, 80, 117]}, {"id": 9, "label_id": "Strawberry", "bbox": [1364, 860, 69, 84]}, {"id": 10, "label_id": "Strawberry", "bbox": [1424, 361, 125, 151]}, {"id": 11, "label_id": "Strawberry", "bbox": [370, 673, 30, 43]}, {"id": 12, "label_id": "Strawberry", "bbox": [993, 236, 53, 69]}, {"id": 13, "label_id": "Strawberry", "bbox": [936, 41, 35, 47]}, {"id": 14, "label_id": "Strawberry", "bbox": [442, 109, 52, 73]}]