[{"id": 0, "label_id": "Strawberry", "bbox": [995, 660, 11, 13]}, {"id": 1, "label_id": "Strawberry", "bbox": [702, 855, 79, 107]}, {"id": 2, "label_id": "Strawberry", "bbox": [1562, 300, 53, 71]}, {"id": 3, "label_id": "Strawberry", "bbox": [171, 799, 86, 118]}, {"id": 4, "label_id": "Strawberry", "bbox": [1132, 862, 8, 9]}, {"id": 5, "label_id": "Strawberry", "bbox": [1376, 967, 43, 55]}, {"id": 6, "label_id": "Strawberry", "bbox": [1102, 422, 61, 80]}, {"id": 7, "label_id": "Strawberry", "bbox": [334, 490, 35, 47]}]