[{"id": 0, "label_id": "Strawberry", "bbox": [930, 543, 15, 18]}, {"id": 1, "label_id": "Strawberry", "bbox": [862, 225, 9, 11]}, {"id": 2, "label_id": "Strawberry", "bbox": [802, 284, 28, 32]}, {"id": 3, "label_id": "Strawberry", "bbox": [907, 100, 4, 2]}, {"id": 4, "label_id": "Strawberry", "bbox": [655, 667, 60, 69]}, {"id": 5, "label_id": "Strawberry", "bbox": [1229, 359, 99, 121]}, {"id": 6, "label_id": "Strawberry", "bbox": [181, 187, 25, 11]}, {"id": 7, "label_id": "Strawberry", "bbox": [308, 792, 25, 38]}]