[{"id": 0, "label_id": "Strawberry", "bbox": [1057, 323, 101, 148]}, {"id": 1, "label_id": "Strawberry", "bbox": [621, 710, 19, 29]}, {"id": 2, "label_id": "Strawberry", "bbox": [1542, 320, 75, 102]}, {"id": 3, "label_id": "Strawberry", "bbox": [1464, 670, 45, 64]}, {"id": 4, "label_id": "Strawberry", "bbox": [1502, 863, 8, 12]}, {"id": 5, "label_id": "Strawberry", "bbox": [233, 58, 15, 19]}, {"id": 6, "label_id": "Strawberry", "bbox": [958, 137, 57, 78]}, {"id": 7, "label_id": "Strawberry", "bbox": [209, 794, 90, 110]}, {"id": 8, "label_id": "Strawberry", "bbox": [1466, 77, 15, 19]}, {"id": 9, "label_id": "Strawberry", "bbox": [814, 791, 91, 128]}, {"id": 10, "label_id": "Strawberry", "bbox": [736, 718, 43, 34]}, {"id": 11, "label_id": "Strawberry", "bbox": [1279, 723, 40, 52]}]