[{"id": 0, "label_id": "Strawberry", "bbox": [462, 319, 5, 8]}, {"id": 1, "label_id": "Strawberry", "bbox": [850, 930, 16, 13]}, {"id": 2, "label_id": "Strawberry", "bbox": [1640, 983, 14, 11]}, {"id": 3, "label_id": "Strawberry", "bbox": [395, 656, 46, 57]}, {"id": 4, "label_id": "Strawberry", "bbox": [1016, 61, 27, 32]}, {"id": 5, "label_id": "Strawberry", "bbox": [806, 152, 48, 54]}, {"id": 6, "label_id": "Strawberry", "bbox": [1180, 844, 22, 25]}, {"id": 7, "label_id": "Strawberry", "bbox": [1469, 756, 29, 23]}, {"id": 8, "label_id": "Strawberry", "bbox": [610, 210, 4, 6]}, {"id": 9, "label_id": "Strawberry", "bbox": [434, 174, 72, 65]}, {"id": 10, "label_id": "Strawberry", "bbox": [386, 638, 10, 13]}, {"id": 11, "label_id": "Strawberry", "bbox": [987, 280, 10, 11]}, {"id": 12, "label_id": "Strawberry", "bbox": [1109, 409, 46, 59]}]