[{"id": 0, "label_id": "Strawberry", "bbox": [807, 80, 41, 47]}, {"id": 1, "label_id": "Strawberry", "bbox": [559, 256, 9, 8]}, {"id": 2, "label_id": "Strawberry", "bbox": [1437, 121, 36, 43]}, {"id": 3, "label_id": "Strawberry", "bbox": [1613, 765, 25, 30]}, {"id": 4, "label_id": "Strawberry", "bbox": [975, 789, 79, 108]}, {"id": 5, "label_id": "Strawberry", "bbox": [590, 370, 68, 96]}, {"id": 6, "label_id": "Strawberry", "bbox": [925, 257, 56, 78]}, {"id": 7, "label_id": "Strawberry", "bbox": [1330, 599, 17, 14]}, {"id": 8, "label_id": "Strawberry", "bbox": [359, 647, 45, 62]}, {"id": 9, "label_id": "Strawberry", "bbox": [337, 276, 91, 123]}]