[{"id": 0, "label_id": "Strawberry", "bbox": [1133, 750, 12, 10]}, {"id": 1, "label_id": "Strawberry", "bbox": [378, 402, 35, 47]}, {"id": 2, "label_id": "Strawberry", "bbox": [1474, 713, 9, 14]}, {"id": 3, "label_id": "Strawberry", "bbox": [328, 138, 64, 84]}, {"id": 4, "label_id": "Strawberry", "bbox": [364, 73, 6, 5]}, {"id": 5, "label_id": "Strawberry", "bbox": [192, 218, 2, 3]}, {"id": 6, "label_id": "Strawberry", "bbox": [1087, 656, 24, 27]}, {"id": 7, "label_id": "Strawberry", "bbox": [574, 352, 41, 48]}, {"id": 8, "label_id": "Strawberry", "bbox": [1174, 121, 62, 83]}, {"id": 9, "label_id": "Strawberry", "bbox": [822, 576, 2, 3]}, {"id": 10, "label_id": "Strawberry", "bbox": [648, 604, 13, 10]}, {"id": 11, "label_id": "Strawberry", "bbox": [991, 516, 25, 25]}, {"id": 12, "label_id": "Strawberry", "bbox": [745, 734, 7, 10]}, {"id": 13, "label_id": "Strawberry", "bbox": [1227, 387, 50, 67]}, {"id": 14, "label_id": "Strawberry", "bbox": [833, 866, 30, 23]}, {"id": 15, "label_id": "Strawberry", "bbox": [882, 105, 23, 23]}, {"id": 16, "label_id": "Strawberry", "bbox": [1213, 614, 38, 45]}, {"id": 17, "label_id": "Strawberry", "bbox": [1357, 888, 15, 12]}, {"id": 18, "label_id": "Strawberry", "bbox": [1349, 782, 48, 38]}, {"id": 19, "label_id": "Strawberry", "bbox": [771, 554, 10, 9]}]