[{"id": 0, "label_id": "Strawberry", "bbox": [290, 871, 31, 41]}, {"id": 1, "label_id": "Strawberry", "bbox": [1510, 942, 27, 21]}, {"id": 2, "label_id": "Strawberry", "bbox": [438, 817, 41, 47]}, {"id": 3, "label_id": "Strawberry", "bbox": [387, 61, 4, 7]}, {"id": 4, "label_id": "Strawberry", "bbox": [306, 468, 84, 105]}, {"id": 5, "label_id": "Strawberry", "bbox": [805, 243, 30, 34]}, {"id": 6, "label_id": "Strawberry", "bbox": [593, 541, 20, 20]}, {"id": 7, "label_id": "Strawberry", "bbox": [361, 848, 41, 47]}, {"id": 8, "label_id": "Strawberry", "bbox": [299, 830, 9, 13]}]