[{"id": 0, "label_id": "Strawberry", "bbox": [532, 590, 89, 109]}, {"id": 1, "label_id": "Strawberry", "bbox": [1394, 36, 4, 7]}, {"id": 2, "label_id": "Strawberry", "bbox": [1013, 312, 103, 125]}, {"id": 3, "label_id": "Strawberry", "bbox": [951, 79, 50, 70]}, {"id": 4, "label_id": "Strawberry", "bbox": [1496, 885, 16, 21]}, {"id": 5, "label_id": "Strawberry", "bbox": [414, 540, 19, 24]}, {"id": 6, "label_id": "Strawberry", "bbox": [538, 253, 4, 2]}, {"id": 7, "label_id": "Strawberry", "bbox": [177, 732, 126, 184]}, {"id": 8, "label_id": "Strawberry", "bbox": [1473, 41, 20, 26]}, {"id": 9, "label_id": "Strawberry", "bbox": [1544, 246, 29, 27]}, {"id": 10, "label_id": "Strawberry", "bbox": [1519, 610, 45, 36]}, {"id": 11, "label_id": "Strawberry", "bbox": [515, 896, 73, 107]}, {"id": 12, "label_id": "Strawberry", "bbox": [370, 565, 66, 82]}, {"id": 13, "label_id": "Strawberry", "bbox": [1286, 401, 42, 57]}, {"id": 14, "label_id": "Strawberry", "bbox": [740, 199, 60, 73]}, {"id": 15, "label_id": "Strawberry", "bbox": [1192, 371, 16, 20]}, {"id": 16, "label_id": "Strawberry", "bbox": [323, 555, 17, 14]}, {"id": 17, "label_id": "Strawberry", "bbox": [700, 463, 17, 19]}, {"id": 18, "label_id": "Strawberry", "bbox": [1078, 120, 29, 28]}]