[{"id": 0, "label_id": "Strawberry", "bbox": [1111, 593, 9, 10]}, {"id": 1, "label_id": "Strawberry", "bbox": [464, 447, 11, 16]}, {"id": 2, "label_id": "Strawberry", "bbox": [1364, 271, 22, 26]}, {"id": 3, "label_id": "Strawberry", "bbox": [1310, 10, 29, 32]}, {"id": 4, "label_id": "Strawberry", "bbox": [1452, 912, 52, 61]}, {"id": 5, "label_id": "Strawberry", "bbox": [819, 147, 29, 27]}, {"id": 6, "label_id": "Strawberry", "bbox": [385, 932, 7, 7]}, {"id": 7, "label_id": "Strawberry", "bbox": [1155, 573, 8, 12]}, {"id": 8, "label_id": "Strawberry", "bbox": [1583, 402, 9, 10]}, {"id": 9, "label_id": "Strawberry", "bbox": [1095, 138, 59, 86]}, {"id": 10, "label_id": "Strawberry", "bbox": [1560, 267, 35, 40]}, {"id": 11, "label_id": "Strawberry", "bbox": [222, 911, 45, 65]}, {"id": 12, "label_id": "Strawberry", "bbox": [1081, 747, 2, 4]}, {"id": 13, "label_id": "Strawberry", "bbox": [820, 920, 64, 58]}, {"id": 14, "label_id": "Strawberry", "bbox": [170, 771, 67, 77]}, {"id": 15, "label_id": "Strawberry", "bbox": [1442, 592, 24, 29]}, {"id": 16, "label_id": "Strawberry", "bbox": [682, 301, 5, 9]}, {"id": 17, "label_id": "Strawberry", "bbox": [189, 388, 91, 110]}, {"id": 18, "label_id": "Strawberry", "bbox": [1182, 400, 99, 120]}]