[{"id": 0, "label_id": "Strawberry", "bbox": [758, 452, 67, 91]}, {"id": 1, "label_id": "Strawberry", "bbox": [1204, 956, 5, 9]}, {"id": 2, "label_id": "Strawberry", "bbox": [1000, 367, 2, 4]}, {"id": 3, "label_id": "Strawberry", "bbox": [516, 273, 11, 13]}, {"id": 4, "label_id": "Strawberry", "bbox": [498, 244, 2, 4]}, {"id": 5, "label_id": "Strawberry", "bbox": [1153, 575, 26, 11]}, {"id": 6, "label_id": "Strawberry", "bbox": [998, 766, 48, 37]}, {"id": 7, "label_id": "Strawberry", "bbox": [347, 382, 15, 14]}, {"id": 8, "label_id": "Strawberry", "bbox": [1468, 936, 9, 8]}]