[{"id": 0, "label_id": "Strawberry", "bbox": [611, 890, 14, 15]}, {"id": 1, "label_id": "Strawberry", "bbox": [1527, 874, 126, 170]}, {"id": 2, "label_id": "Strawberry", "bbox": [766, 165, 82, 103]}, {"id": 3, "label_id": "Strawberry", "bbox": [1300, 450, 19, 23]}, {"id": 4, "label_id": "Strawberry", "bbox": [232, 672, 59, 83]}, {"id": 5, "label_id": "Strawberry", "bbox": [831, 353, 53, 75]}, {"id": 6, "label_id": "Strawberry", "bbox": [358, 26, 39, 46]}, {"id": 7, "label_id": "Strawberry", "bbox": [220, 26, 25, 32]}, {"id": 8, "label_id": "Strawberry", "bbox": [753, 633, 41, 58]}, {"id": 9, "label_id": "Strawberry", "bbox": [357, 645, 6, 2]}, {"id": 10, "label_id": "Strawberry", "bbox": [1530, 234, 4, 8]}, {"id": 11, "label_id": "Strawberry", "bbox": [730, 613, 40, 17]}, {"id": 12, "label_id": "Strawberry", "bbox": [524, 562, 35, 42]}, {"id": 13, "label_id": "Strawberry", "bbox": [1630, 178, 11, 17]}, {"id": 14, "label_id": "Strawberry", "bbox": [858, 966, 27, 31]}, {"id": 15, "label_id": "Strawberry", "bbox": [441, 26, 74, 94]}, {"id": 16, "label_id": "Strawberry", "bbox": [1358, 309, 3, 1]}]