[{"id": 0, "label_id": "Strawberry", "bbox": [316, 222, 42, 48]}, {"id": 1, "label_id": "Strawberry", "bbox": [906, 339, 132, 160]}, {"id": 2, "label_id": "Strawberry", "bbox": [1077, 557, 129, 156]}, {"id": 3, "label_id": "Strawberry", "bbox": [905, 585, 70, 85]}, {"id": 4, "label_id": "Strawberry", "bbox": [1012, 752, 26, 34]}, {"id": 5, "label_id": "Strawberry", "bbox": [961, 119, 41, 48]}, {"id": 6, "label_id": "Strawberry", "bbox": [1407, 123, 54, 65]}, {"id": 7, "label_id": "Strawberry", "bbox": [842, 936, 60, 83]}, {"id": 8, "label_id": "Strawberry", "bbox": [1520, 346, 81, 119]}, {"id": 9, "label_id": "Strawberry", "bbox": [1572, 581, 61, 80]}, {"id": 10, "label_id": "Strawberry", "bbox": [269, 727, 66, 96]}, {"id": 11, "label_id": "Strawberry", "bbox": [564, 974, 39, 51]}, {"id": 12, "label_id": "Strawberry", "bbox": [513, 95, 63, 79]}, {"id": 13, "label_id": "Strawberry", "bbox": [770, 438, 110, 148]}, {"id": 14, "label_id": "Strawberry", "bbox": [1313, 719, 113, 166]}, {"id": 15, "label_id": "Strawberry", "bbox": [501, 248, 83, 101]}, {"id": 16, "label_id": "Strawberry", "bbox": [665, 345, 76, 92]}, {"id": 17, "label_id": "Strawberry", "bbox": [572, 399, 84, 117]}, {"id": 18, "label_id": "Strawberry", "bbox": [1556, 150, 62, 85]}]