[{"id": 0, "label_id": "Strawberry", "bbox": [755, 308, 62, 85]}, {"id": 1, "label_id": "Strawberry", "bbox": [1551, 544, 8, 13]}, {"id": 2, "label_id": "Strawberry", "bbox": [383, 315, 12, 17]}, {"id": 3, "label_id": "Strawberry", "bbox": [920, 932, 15, 16]}, {"id": 4, "label_id": "Strawberry", "bbox": [731, 717, 90, 114]}, {"id": 5, "label_id": "Strawberry", "bbox": [507, 329, 33, 45]}, {"id": 6, "label_id": "Strawberry", "bbox": [400, 306, 40, 53]}, {"id": 7, "label_id": "Strawberry", "bbox": [772, 890, 30, 37]}, {"id": 8, "label_id": "Strawberry", "bbox": [1073, 88, 2, 3]}, {"id": 9, "label_id": "Strawberry", "bbox": [221, 548, 7, 3]}, {"id": 10, "label_id": "Strawberry", "bbox": [356, 34, 28, 32]}, {"id": 11, "label_id": "Strawberry", "bbox": [268, 332, 49, 68]}]