[{"id": 0, "label_id": "Strawberry", "bbox": [1619, 231, 23, 30]}, {"id": 1, "label_id": "Strawberry", "bbox": [572, 206, 48, 55]}, {"id": 2, "label_id": "Strawberry", "bbox": [1559, 906, 38, 44]}, {"id": 3, "label_id": "Strawberry", "bbox": [669, 935, 91, 83]}, {"id": 4, "label_id": "Strawberry", "bbox": [1386, 94, 16, 23]}, {"id": 5, "label_id": "Strawberry", "bbox": [1090, 786, 120, 161]}, {"id": 6, "label_id": "Strawberry", "bbox": [642, 815, 43, 50]}, {"id": 7, "label_id": "Strawberry", "bbox": [871, 918, 25, 21]}, {"id": 8, "label_id": "Strawberry", "bbox": [1231, 16, 27, 25]}]