[{"id": 0, "label_id": "Strawberry", "bbox": [177, 953, 13, 19]}, {"id": 1, "label_id": "Strawberry", "bbox": [239, 35, 4, 7]}, {"id": 2, "label_id": "Strawberry", "bbox": [508, 182, 31, 41]}, {"id": 3, "label_id": "Strawberry", "bbox": [1573, 255, 27, 32]}, {"id": 4, "label_id": "Strawberry", "bbox": [1176, 38, 74, 89]}, {"id": 5, "label_id": "Strawberry", "bbox": [1603, 800, 20, 18]}, {"id": 6, "label_id": "Strawberry", "bbox": [908, 478, 45, 35]}, {"id": 7, "label_id": "Strawberry", "bbox": [976, 882, 18, 18]}, {"id": 8, "label_id": "Strawberry", "bbox": [185, 194, 28, 36]}, {"id": 9, "label_id": "Strawberry", "bbox": [744, 657, 36, 51]}, {"id": 10, "label_id": "Strawberry", "bbox": [256, 759, 72, 95]}, {"id": 11, "label_id": "Strawberry", "bbox": [389, 15, 122, 147]}, {"id": 12, "label_id": "Strawberry", "bbox": [1285, 99, 86, 126]}]