[{"id": 0, "label_id": "Strawberry", "bbox": [915, 41, 26, 40]}, {"id": 1, "label_id": "Strawberry", "bbox": [805, 635, 35, 33]}, {"id": 2, "label_id": "Strawberry", "bbox": [1200, 259, 7, 6]}, {"id": 3, "label_id": "Strawberry", "bbox": [1305, 804, 42, 58]}, {"id": 4, "label_id": "Strawberry", "bbox": [358, 64, 19, 24]}, {"id": 5, "label_id": "Strawberry", "bbox": [194, 333, 12, 10]}, {"id": 6, "label_id": "Strawberry", "bbox": [260, 656, 76, 96]}, {"id": 7, "label_id": "Strawberry", "bbox": [1494, 778, 55, 69]}, {"id": 8, "label_id": "Strawberry", "bbox": [922, 1016, 23, 27]}, {"id": 9, "label_id": "Strawberry", "bbox": [1371, 500, 128, 154]}, {"id": 10, "label_id": "Strawberry", "bbox": [904, 301, 105, 127]}, {"id": 11, "label_id": "Strawberry", "bbox": [689, 899, 11, 14]}, {"id": 12, "label_id": "Strawberry", "bbox": [448, 600, 74, 68]}, {"id": 13, "label_id": "Strawberry", "bbox": [1257, 229, 83, 105]}, {"id": 14, "label_id": "Strawberry", "bbox": [1288, 133, 9, 13]}, {"id": 15, "label_id": "Strawberry", "bbox": [1153, 465, 119, 144]}]