[{"id": 0, "label_id": "Strawberry", "bbox": [338, 709, 62, 77]}, {"id": 1, "label_id": "Strawberry", "bbox": [1044, 947, 27, 31]}, {"id": 2, "label_id": "Strawberry", "bbox": [1575, 798, 1, 1]}, {"id": 3, "label_id": "Strawberry", "bbox": [1429, 458, 54, 75]}, {"id": 4, "label_id": "Strawberry", "bbox": [407, 828, 35, 45]}, {"id": 5, "label_id": "Strawberry", "bbox": [1070, 854, 48, 66]}, {"id": 6, "label_id": "Strawberry", "bbox": [1029, 320, 109, 147]}, {"id": 7, "label_id": "Strawberry", "bbox": [1051, 651, 21, 17]}, {"id": 8, "label_id": "Strawberry", "bbox": [1177, 691, 67, 93]}, {"id": 9, "label_id": "Strawberry", "bbox": [466, 539, 30, 35]}, {"id": 10, "label_id": "Strawberry", "bbox": [1599, 797, 18, 17]}, {"id": 11, "label_id": "Strawberry", "bbox": [1029, 151, 34, 40]}, {"id": 12, "label_id": "Strawberry", "bbox": [736, 642, 3, 5]}, {"id": 13, "label_id": "Strawberry", "bbox": [1092, 508, 10, 11]}, {"id": 14, "label_id": "Strawberry", "bbox": [644, 841, 60, 73]}, {"id": 15, "label_id": "Strawberry", "bbox": [1575, 291, 21, 21]}, {"id": 16, "label_id": "Strawberry", "bbox": [1340, 639, 72, 90]}, {"id": 17, "label_id": "Strawberry", "bbox": [911, 818, 76, 102]}]