[{"id": 0, "label_id": "Strawberry", "bbox": [651, 239, 13, 13]}, {"id": 1, "label_id": "Strawberry", "bbox": [299, 349, 44, 50]}, {"id": 2, "label_id": "Strawberry", "bbox": [1247, 291, 19, 23]}, {"id": 3, "label_id": "Strawberry", "bbox": [191, 392, 29, 37]}, {"id": 4, "label_id": "Strawberry", "bbox": [1569, 942, 23, 35]}, {"id": 5, "label_id": "Strawberry", "bbox": [1131, 562, 89, 81]}, {"id": 6, "label_id": "Strawberry", "bbox": [535, 279, 29, 37]}, {"id": 7, "label_id": "Strawberry", "bbox": [578, 858, 76, 87]}, {"id": 8, "label_id": "Strawberry", "bbox": [629, 15, 31, 36]}, {"id": 9, "label_id": "Strawberry", "bbox": [179, 936, 43, 59]}, {"id": 10, "label_id": "Strawberry", "bbox": [799, 107, 57, 71]}, {"id": 11, "label_id": "Strawberry", "bbox": [1494, 766, 4, 7]}, {"id": 12, "label_id": "Strawberry", "bbox": [545, 150, 74, 90]}, {"id": 13, "label_id": "Strawberry", "bbox": [445, 664, 2, 4]}, {"id": 14, "label_id": "Strawberry", "bbox": [1550, 525, 42, 62]}, {"id": 15, "label_id": "Strawberry", "bbox": [399, 257, 110, 149]}, {"id": 16, "label_id": "Strawberry", "bbox": [1434, 803, 22, 26]}, {"id": 17, "label_id": "Strawberry", "bbox": [841, 900, 95, 134]}]