[{"id": 0, "label_id": "Strawberry", "bbox": [1396, 407, 19, 23]}, {"id": 1, "label_id": "Strawberry", "bbox": [342, 774, 50, 39]}, {"id": 2, "label_id": "Strawberry", "bbox": [1380, 959, 48, 63]}, {"id": 3, "label_id": "Strawberry", "bbox": [652, 635, 17, 17]}, {"id": 4, "label_id": "Strawberry", "bbox": [900, 632, 89, 118]}, {"id": 5, "label_id": "Strawberry", "bbox": [1500, 919, 5, 8]}, {"id": 6, "label_id": "Strawberry", "bbox": [584, 623, 53, 63]}, {"id": 7, "label_id": "Strawberry", "bbox": [1058, 89, 63, 57]}, {"id": 8, "label_id": "Strawberry", "bbox": [1433, 719, 11, 13]}, {"id": 9, "label_id": "Strawberry", "bbox": [1374, 628, 41, 55]}, {"id": 10, "label_id": "Strawberry", "bbox": [910, 992, 7, 10]}, {"id": 11, "label_id": "Strawberry", "bbox": [493, 197, 34, 42]}, {"id": 12, "label_id": "Strawberry", "bbox": [455, 902, 22, 26]}, {"id": 13, "label_id": "Strawberry", "bbox": [902, 164, 42, 49]}, {"id": 14, "label_id": "Strawberry", "bbox": [1236, 353, 8, 11]}, {"id": 15, "label_id": "Strawberry", "bbox": [400, 721, 26, 33]}]