[{"id": 0, "label_id": "Strawberry", "bbox": [1162, 341, 61, 81]}, {"id": 1, "label_id": "Strawberry", "bbox": [180, 79, 46, 58]}, {"id": 2, "label_id": "Strawberry", "bbox": [1337, 679, 10, 13]}, {"id": 3, "label_id": "Strawberry", "bbox": [740, 852, 34, 44]}, {"id": 4, "label_id": "Strawberry", "bbox": [1209, 727, 54, 66]}, {"id": 5, "label_id": "Strawberry", "bbox": [994, 169, 90, 125]}, {"id": 6, "label_id": "Strawberry", "bbox": [1508, 516, 75, 105]}, {"id": 7, "label_id": "Strawberry", "bbox": [1104, 922, 98, 119]}, {"id": 8, "label_id": "Strawberry", "bbox": [1476, 834, 80, 112]}, {"id": 9, "label_id": "Strawberry", "bbox": [1379, 467, 3, 6]}, {"id": 10, "label_id": "Strawberry", "bbox": [1377, 198, 38, 44]}, {"id": 11, "label_id": "Strawberry", "bbox": [978, 592, 51, 58]}, {"id": 12, "label_id": "Strawberry", "bbox": [984, 572, 12, 18]}, {"id": 13, "label_id": "Strawberry", "bbox": [456, 229, 63, 82]}]