[{"id": 0, "label_id": "Strawberry", "bbox": [698, 951, 19, 17]}, {"id": 1, "label_id": "Strawberry", "bbox": [1102, 663, 80, 101]}, {"id": 2, "label_id": "Strawberry", "bbox": [1381, 25, 80, 106]}, {"id": 3, "label_id": "Strawberry", "bbox": [1591, 510, 56, 68]}, {"id": 4, "label_id": "Strawberry", "bbox": [947, 649, 23, 28]}, {"id": 5, "label_id": "Strawberry", "bbox": [1508, 521, 5, 2]}, {"id": 6, "label_id": "Strawberry", "bbox": [644, 447, 38, 52]}, {"id": 7, "label_id": "Strawberry", "bbox": [1400, 885, 40, 54]}, {"id": 8, "label_id": "Strawberry", "bbox": [274, 78, 31, 31]}, {"id": 9, "label_id": "Strawberry", "bbox": [1047, 232, 35, 47]}]