[{"id": 0, "label_id": "Strawberry", "bbox": [951, 237, 3, 1]}, {"id": 1, "label_id": "Strawberry", "bbox": [1456, 765, 5, 4]}, {"id": 2, "label_id": "Strawberry", "bbox": [1192, 421, 15, 18]}, {"id": 3, "label_id": "Strawberry", "bbox": [1242, 481, 1, 1]}, {"id": 4, "label_id": "Strawberry", "bbox": [491, 513, 56, 75]}, {"id": 5, "label_id": "Strawberry", "bbox": [265, 365, 43, 54]}, {"id": 6, "label_id": "Strawberry", "bbox": [1224, 156, 25, 32]}, {"id": 7, "label_id": "Strawberry", "bbox": [613, 181, 5, 9]}, {"id": 8, "label_id": "Strawberry", "bbox": [1396, 384, 41, 55]}, {"id": 9, "label_id": "Strawberry", "bbox": [1274, 316, 62, 90]}]