[{"id": 0, "label_id": "Strawberry", "bbox": [638, 735, 19, 23]}, {"id": 1, "label_id": "Strawberry", "bbox": [311, 722, 89, 121]}, {"id": 2, "label_id": "Strawberry", "bbox": [1306, 501, 61, 76]}, {"id": 3, "label_id": "Strawberry", "bbox": [1010, 550, 54, 75]}, {"id": 4, "label_id": "Strawberry", "bbox": [465, 519, 75, 95]}, {"id": 5, "label_id": "Strawberry", "bbox": [546, 817, 51, 68]}, {"id": 6, "label_id": "Strawberry", "bbox": [791, 749, 51, 62]}, {"id": 7, "label_id": "Strawberry", "bbox": [400, 969, 11, 11]}, {"id": 8, "label_id": "Strawberry", "bbox": [179, 679, 55, 77]}, {"id": 9, "label_id": "Strawberry", "bbox": [851, 581, 68, 86]}, {"id": 10, "label_id": "Strawberry", "bbox": [549, 449, 89, 113]}, {"id": 11, "label_id": "Strawberry", "bbox": [1475, 703, 35, 27]}, {"id": 12, "label_id": "Strawberry", "bbox": [1158, 425, 68, 82]}, {"id": 13, "label_id": "Strawberry", "bbox": [630, 101, 12, 13]}, {"id": 14, "label_id": "Strawberry", "bbox": [717, 420, 44, 57]}, {"id": 15, "label_id": "Strawberry", "bbox": [900, 733, 25, 19]}, {"id": 16, "label_id": "Strawberry", "bbox": [1561, 953, 51, 58]}]