[{"id": 0, "label_id": "Strawberry", "bbox": [568, 284, 95, 133]}, {"id": 1, "label_id": "Strawberry", "bbox": [742, 240, 38, 50]}, {"id": 2, "label_id": "Strawberry", "bbox": [1374, 341, 65, 86]}, {"id": 3, "label_id": "Strawberry", "bbox": [939, 804, 69, 95]}, {"id": 4, "label_id": "Strawberry", "bbox": [993, 217, 18, 28]}, {"id": 5, "label_id": "Strawberry", "bbox": [1455, 894, 12, 15]}, {"id": 6, "label_id": "Strawberry", "bbox": [1087, 576, 30, 30]}, {"id": 7, "label_id": "Strawberry", "bbox": [234, 259, 3, 5]}, {"id": 8, "label_id": "Strawberry", "bbox": [1213, 833, 89, 121]}, {"id": 9, "label_id": "Strawberry", "bbox": [1186, 365, 47, 62]}, {"id": 10, "label_id": "Strawberry", "bbox": [1281, 672, 22, 18]}, {"id": 11, "label_id": "Strawberry", "bbox": [1609, 529, 1, 2]}, {"id": 12, "label_id": "Strawberry", "bbox": [1480, 402, 28, 34]}, {"id": 13, "label_id": "Strawberry", "bbox": [929, 361, 118, 173]}, {"id": 14, "label_id": "Strawberry", "bbox": [288, 670, 29, 37]}, {"id": 15, "label_id": "Strawberry", "bbox": [1451, 498, 65, 86]}]