[{"id": 0, "label_id": "Strawberry", "bbox": [896, 489, 34, 34]}, {"id": 1, "label_id": "Strawberry", "bbox": [341, 243, 61, 69]}, {"id": 2, "label_id": "Strawberry", "bbox": [771, 432, 30, 36]}, {"id": 3, "label_id": "Strawberry", "bbox": [629, 371, 38, 47]}, {"id": 4, "label_id": "Strawberry", "bbox": [1429, 884, 13, 11]}, {"id": 5, "label_id": "Strawberry", "bbox": [175, 92, 58, 81]}, {"id": 6, "label_id": "Strawberry", "bbox": [1592, 181, 16, 13]}, {"id": 7, "label_id": "Strawberry", "bbox": [370, 478, 25, 24]}, {"id": 8, "label_id": "Strawberry", "bbox": [606, 769, 2, 3]}, {"id": 9, "label_id": "Strawberry", "bbox": [1011, 682, 40, 53]}]