[{"id": 0, "label_id": "Strawberry", "bbox": [270, 156, 7, 11]}, {"id": 1, "label_id": "Strawberry", "bbox": [1397, 651, 5, 8]}, {"id": 2, "label_id": "Strawberry", "bbox": [223, 586, 70, 98]}, {"id": 3, "label_id": "Strawberry", "bbox": [848, 434, 10, 12]}, {"id": 4, "label_id": "Strawberry", "bbox": [707, 752, 26, 31]}, {"id": 5, "label_id": "Strawberry", "bbox": [1183, 931, 2, 3]}, {"id": 6, "label_id": "Strawberry", "bbox": [404, 342, 70, 94]}, {"id": 7, "label_id": "Strawberry", "bbox": [1231, 876, 13, 19]}, {"id": 8, "label_id": "Strawberry", "bbox": [930, 847, 27, 35]}, {"id": 9, "label_id": "Strawberry", "bbox": [658, 999, 1, 1]}, {"id": 10, "label_id": "Strawberry", "bbox": [652, 143, 85, 115]}, {"id": 11, "label_id": "Strawberry", "bbox": [217, 393, 2, 3]}]