[{"id": 0, "label_id": "Strawberry", "bbox": [1160, 867, 129, 174]}, {"id": 1, "label_id": "Strawberry", "bbox": [1581, 658, 6, 3]}, {"id": 2, "label_id": "Strawberry", "bbox": [512, 822, 110, 155]}, {"id": 3, "label_id": "Strawberry", "bbox": [237, 342, 9, 13]}, {"id": 4, "label_id": "Strawberry", "bbox": [1433, 242, 28, 43]}, {"id": 5, "label_id": "Strawberry", "bbox": [412, 198, 28, 22]}, {"id": 6, "label_id": "Strawberry", "bbox": [373, 831, 62, 76]}, {"id": 7, "label_id": "Strawberry", "bbox": [1170, 24, 29, 37]}, {"id": 8, "label_id": "Strawberry", "bbox": [969, 103, 69, 87]}, {"id": 9, "label_id": "Strawberry", "bbox": [755, 540, 31, 40]}, {"id": 10, "label_id": "Strawberry", "bbox": [319, 294, 29, 22]}, {"id": 11, "label_id": "Strawberry", "bbox": [281, 752, 40, 50]}, {"id": 12, "label_id": "Strawberry", "bbox": [441, 240, 34, 38]}, {"id": 13, "label_id": "Strawberry", "bbox": [1176, 514, 31, 41]}, {"id": 14, "label_id": "Strawberry", "bbox": [1407, 732, 42, 58]}, {"id": 15, "label_id": "Strawberry", "bbox": [932, 611, 4, 7]}]