[{"id": 0, "label_id": "Strawberry", "bbox": [1283, 133, 85, 77]}, {"id": 1, "label_id": "Strawberry", "bbox": [1410, 40, 59, 76]}, {"id": 2, "label_id": "Strawberry", "bbox": [713, 992, 18, 24]}, {"id": 3, "label_id": "Strawberry", "bbox": [263, 184, 49, 71]}, {"id": 4, "label_id": "Strawberry", "bbox": [1053, 822, 7, 3]}, {"id": 5, "label_id": "Strawberry", "bbox": [493, 925, 76, 87]}, {"id": 6, "label_id": "Strawberry", "bbox": [1531, 930, 60, 88]}, {"id": 7, "label_id": "Strawberry", "bbox": [467, 829, 10, 14]}, {"id": 8, "label_id": "Strawberry", "bbox": [1291, 730, 54, 75]}, {"id": 9, "label_id": "Strawberry", "bbox": [903, 691, 25, 21]}, {"id": 10, "label_id": "Strawberry", "bbox": [351, 539, 86, 104]}, {"id": 11, "label_id": "Strawberry", "bbox": [948, 771, 21, 30]}, {"id": 12, "label_id": "Strawberry", "bbox": [445, 582, 19, 24]}, {"id": 13, "label_id": "Strawberry", "bbox": [651, 709, 62, 79]}, {"id": 14, "label_id": "Strawberry", "bbox": [583, 1001, 21, 32]}, {"id": 15, "label_id": "Strawberry", "bbox": [303, 347, 99, 133]}, {"id": 16, "label_id": "Strawberry", "bbox": [665, 572, 67, 81]}, {"id": 17, "label_id": "Strawberry", "bbox": [514, 183, 29, 23]}]